id,备注,状态对应图片,状态对应动画资源名1,状态对应的动画名,过度动画资源名,播放的动画名,特殊纹理,物件ID,,通行方向,"下一状态触发条件
1鼠标或手指交互触发
2主角在物件附近触发
3主角离开物件附近触发
4接收到建筑状态",触发参数,代码块用的动画名字,照亮范围,默认状态,下一状态ID,是否通知后台,正视角地图纹理
id,null,texture,aniResName,aniName,transitionAniResName,transitionAniName,specialTextureRes,objectId,animName,walkDir,triggerConditions,triggerArg,showName,lightRadius,isDefault,nextStateIds,isNoticeServer,rectTexture
int,string,string,string,string,string,string,string,int,string,int[][],int[],int,string,int,int,int,int,string
10022019,玄武岩门关门状态,,bin_door_xuanwuyanmen,close11,bin_door_xuanwuyanmen,open,bin_icob_scence_objectAnimation,2020016,关门,11,2,120,1,,1,10022020,1,
10022020,玄武岩门开门状态,,bin_door_xuanwuyanmen,open11,bin_door_xuanwuyanmen,close,bin_icob_scence_objectAnimation,2020016,开门,15,3,120,2,,,10022019,1,
10022021,雪海松门关门状态,,bin_door_xuehaisongmumen,close11,bin_door_xuehaisongmumen,open,bin_icob_scence_objectAnimation,2020022,关门,11,2,120,1,,1,10022022,1,
10022022,雪海松门开门状态,,bin_door_xuehaisongmumen,open11,bin_door_xuehaisongmumen,close,bin_icob_scence_objectAnimation,2020022,开门,15,3,120,2,,,10022021,1,
10022027,安山岩门关门状态,,bin_door_anshanyanmen,close11,bin_door_anshanyanmen,open,bin_icob_scence_objectAnimation,2020017,关门,11,2,120,1,,1,10022028,1,
10022028,安山岩门开门状态,,bin_door_anshanyanmen,open11,bin_door_anshanyanmen,close,bin_icob_scence_objectAnimation,2020017,开门,15,3,120,2,,,10022027,1,
10022029,白桦木门关门状态,,bin_door_baihuamumen,close11,bin_door_baihuamumen,open,bin_icob_scence_objectAnimation,2020018,关门,11,2,120,1,,1,10022030,1,
10022030,白桦木门开门状态,,bin_door_baihuamumen,open11,bin_door_baihuamumen,close,bin_icob_scence_objectAnimation,2020018,开门,15,3,120,2,,,10022029,1,
10022031,大理岩门关门状态,,bin_door_daliyanmen,close11,bin_door_daliyanmen,open,bin_icob_scence_objectAnimation,2020019,关门,11,2,120,1,,1,10022032,1,
10022032,大理岩门开门状态,,bin_door_daliyanmen,open11,bin_door_daliyanmen,close,bin_icob_scence_objectAnimation,2020019,开门,15,3,120,2,,,10022031,1,
10022033,红枫木门关门状态,,bin_door_hongfengmumen,close11,bin_door_hongfengmumen,open,bin_icob_scence_objectAnimation,2020020,关门,11,2,120,1,,1,10022034,1,
10022034,红枫木门开门状态,,bin_door_hongfengmumen,open11,bin_door_hongfengmumen,close,bin_icob_scence_objectAnimation,2020020,开门,15,3,120,2,,,10022033,1,
10022035,花岗岩门关门状态,,bin_door_huagangyanmen,close11,bin_door_huagangyanmen,open,bin_icob_scence_objectAnimation,2020021,关门,11,2,120,1,,1,10022036,1,
10022036,花岗岩门开门状态,,bin_door_huagangyanmen,open11,bin_door_huagangyanmen,close,bin_icob_scence_objectAnimation,2020021,开门,15,3,120,2,,,10022035,1,
10022037,原木门关门状态,,bin_door_putongmumen,close11,bin_door_putongmumen,open,bin_icob_scence_objectAnimation,2020023,关门,11,2,120,1,,1,10022038,1,
10022038,原木门开门状态,,bin_door_putongmumen,open11,bin_door_putongmumen,close,bin_icob_scence_objectAnimation,2020023,开门,15,3,120,2,,,10022037,1,
10022039,石制门关门状态,,bin_door_shimen,close11,bin_door_shimen,open,bin_icob_scence_objectAnimation,2020024,关门,11,2,120,1,,1,10022040,1,
10022040,石制门开门状态,,bin_door_shimen,open11,bin_door_shimen,close,bin_icob_scence_objectAnimation,2020024,开门,15,3,120,2,,,10022039,1,
10022041,黑橡木门关门状态,,bin_door_heixiangmumen,close11,bin_door_heixiangmumen,open,bin_icob_scence_objectAnimation,2020025,关门,11,2,120,1,,1,10022042,1,
10022042,黑橡木门开门状态,,bin_door_heixiangmumen,open11,bin_door_heixiangmumen,close,bin_icob_scence_objectAnimation,2020025,开门,15,3,120,2,,,10022041,1,
10022043,青云杉门关门状态,,bin_door_yunshanmumen,close11,bin_door_yunshanmumen,open,bin_icob_scence_objectAnimation,2020026,关门,11,2,120,1,,1,10022044,1,
10022044,青云杉门开门状态,,bin_door_yunshanmumen,open11,bin_door_yunshanmumen,close,bin_icob_scence_objectAnimation,2020026,开门,15,3,120,2,,,10022043,1,
10022047,篝火关闭,gnicob1004Gh_0,,,,,,2105005,熄灭,,4,,1,,1,10022048,1,
10022048,篝火点亮,,frame_fire,frame_fire,,,,2105005,点亮,,4,,2,1000,,10022047,1,
10022049,钢铁高炉关闭,gnicob1016Gl_0,,,,,,2105017,熄灭,,4,,1,,1,10022050,1,
10022050,钢铁高炉点亮,,frame_blastfurnace,frame_blastfurnace,,,,2105017,点亮,,4,,2,1000,,10022049,1,
10022051,石炉关闭,gnicob1015Sl_0,,,,,,2105016,熄灭,,4,,1,,1,10022052,1,
10022052,石炉点亮,,frame_furnace,frame_furnace,,,,2105016,点亮,,4,,2,1000,,10022051,1,
10022053,冶炼高炉关闭,gnicob1017Ymrl_0,,,,,,2105018,熄灭,,4,,1,,1,10022054,1,
10022054,冶炼高炉点亮,,frame_codefurnace,frame_codefurnace,,,,2105018,点亮,,4,,2,1000,,10022053,1,
10022055,烹饪锅关闭,gnicob1005Prg_0,,,,,,2105006,熄灭,,4,,1,,1,10022056,1,
10022056,烹饪锅点亮,,frame_firepot,frame_firepot,,,,2105006,点亮,,4,,2,1000,,10022055,1,
10022057,火炉关闭,gnicob1018Hl_0,,,,,,2105019,熄灭,,4,,1,,1,10022058,1,
10022058,火炉点亮,,frame_firestove,frame_firestove,,,,2105019,点亮,,4,,2,1000,,10022057,1,
210618001,源码能源装置,tdz_1_1_00,,,,,,2106180,动画1,,4,,动画1,,1,,,
210618002,源码能源装置,tdz_1_1_01,,,,,,2106180,动画2,,4,,动画2,,,,,
210618801,锤子1,chuizi_01,,,,,,2106188,动画1,,,,动画1,,,,,
210618802,锤子2,chuizi_02,,,,,,2106188,动画2,,,,动画2,,,,,
210618803,锤子3,chuizi_03,,,,,,2106188,动画3,,,,动画3,,,,,
210618804,锤子4,chuizi_04,,,,,,2106188,动画4,,,,动画4,,,,,
1000010101,8升沙漏0,FengYouWT_shalou8_00,,,,,,10000101,动画1,,,,动画1,,,,,
1000010102,8升沙漏1,FengYouWT_shalou8_01,,,,,,10000101,动画2,,,,动画2,,,,,
1000010103,8升沙漏2,FengYouWT_shalou8_02,,,,,,10000101,动画3,,,,动画3,,,,,
1000010104,8升沙漏3,FengYouWT_shalou8_03,,,,,,10000101,动画4,,,,动画4,,,,,
1000010105,8升沙漏4,FengYouWT_shalou8_04,,,,,,10000101,动画5,,,,动画5,,,,,
1000010106,8升沙漏5,FengYouWT_shalou8_05,,,,,,10000101,动画6,,,,动画6,,,,,
1000010107,8升沙漏6,FengYouWT_shalou8_06,,,,,,10000101,动画7,,,,动画7,,,,,
1000010108,8升沙漏7,FengYouWT_shalou8_07,,,,,,10000101,动画8,,,,动画8,,,,,
1000010109,8升沙漏8,FengYouWT_shalou8_08,,,,,,10000101,动画9,,,,动画9,,,,,
1000010201,5升沙漏0,FengYouWT_shalou5_00,,,,,,10000102,动画1,,,,动画1,,,,,
1000010202,5升沙漏1,FengYouWT_shalou5_01,,,,,,10000102,动画2,,,,动画2,,,,,
1000010203,5升沙漏2,FengYouWT_shalou5_02,,,,,,10000102,动画3,,,,动画3,,,,,
1000010204,5升沙漏3,FengYouWT_shalou5_03,,,,,,10000102,动画4,,,,动画4,,,,,
1000010205,5升沙漏4,FengYouWT_shalou5_04,,,,,,10000102,动画5,,,,动画5,,,,,
1000010206,5升沙漏5,FengYouWT_shalou5_05,,,,,,10000102,动画6,,,,动画6,,,,,
1000010301,3升沙漏0,FengYouWT_shalou3_00,,,,,,10000103,动画1,,,,动画1,,,,,
1000010302,3升沙漏1,FengYouWT_shalou3_01,,,,,,10000103,动画2,,,,动画2,,,,,
1000010303,3升沙漏2,FengYouWT_shalou3_02,,,,,,10000103,动画3,,,,动画3,,,,,
1000010304,3升沙漏3,FengYouWT_shalou3_03,,,,,,10000103,动画4,,,,动画4,,,,,
1000010401,开关沙漏0,FengYouWT_KGSL_00,,,,,,10000104,动画1,,,,动画1,,,,,
1000010402,开关沙漏1,FengYouWT_KGSL_01,,,,,,10000104,动画2,,,,动画2,,,,,
1000010501,直渠道0,FengYouWT_ZQD_00,,,,,,10000105,动画1,,,,动画1,,,,,
1000010502,直渠道1,FengYouWT_ZQD_01,,,,,,10000105,动画2,,,,动画2,,,,,
1000010601,左上转角渠道0,FengYouWT_ZSQD_00,,,,,,10000106,动画1,,,,动画1,,,,,
1000010602,左上转角渠道1,FengYouWT_ZSQD_01,,,,,,10000106,动画2,,,,动画2,,,,,
1000010701,左下转角渠道0,FengYouWT_ZXQD_00,,,,,,10000107,动画1,,,,动画1,,,,,
1000010702,左下转角渠道1,FengYouWT_ZXQD_01,,,,,,10000107,动画2,,,,动画2,,,,,
1000010801,右上转角渠道0,FengYouWT_YSQD_00,,,,,,10000108,动画1,,,,动画1,,,,,
1000010802,右上转角渠道1,FengYouWT_YSQD_01,,,,,,10000108,动画2,,,,动画2,,,,,
1000010901,右下转角渠道0,FengYouWT_YXQD_00,,,,,,10000109,动画1,,,,动画1,,,,,
1000010902,右下转角渠道1,FengYouWT_YXQD_01,,,,,,10000109,动画2,,,,动画2,,,,,
1000011001,沙漏踏板0,FengYouWT_SLTB_00,,,,,,10000110,动画1,,,,动画1,,,,,
1000011002,沙漏踏板1,FengYouWT_SLTB_01,,,,,,10000110,动画2,,,,动画2,,,,,
1000013401,大沙漏0,FengYouWT_shalouDa_00,,,,,,10000134,动画0,,,,动画0,,,,,
1000013402,大沙漏1,FengYouWT_shalouDa_01,,,,,,10000134,动画1,,,,动画1,,,,,
1000013403,大沙漏2,FengYouWT_shalouDa_02,,,,,,10000134,动画2,,,,动画2,,,,,
1000013404,大沙漏3,FengYouWT_shalouDa_03,,,,,,10000134,动画3,,,,动画3,,,,,
1000013405,大沙漏4,FengYouWT_shalouDa_04,,,,,,10000134,动画4,,,,动画4,,,,,
1000013406,大沙漏5,FengYouWT_shalouDa_05,,,,,,10000134,动画5,,,,动画5,,,,,
1000013407,大沙漏6,FengYouWT_shalouDa_06,,,,,,10000134,动画6,,,,动画6,,,,,
1000013408,大沙漏7,FengYouWT_shalouDa_07,,,,,,10000134,动画7,,,,动画7,,,,,
1000013409,大沙漏8,FengYouWT_shalouDa_08,,,,,,10000134,动画8,,,,动画8,,,,,
1000013410,大沙漏9,FengYouWT_shalouDa_09,,,,,,10000134,动画9,,,,动画9,,,,,
1000013411,大沙漏10,FengYouWT_shalouDa_10,,,,,,10000134,动画10,,,,动画10,,,,,
1000013501,中沙漏0,FengYouWT_shalouZhong_00,,,,,,10000135,动画0,,,,动画0,,,,,
1000013502,中沙漏1,FengYouWT_shalouZhong_01,,,,,,10000135,动画1,,,,动画1,,,,,
1000013503,中沙漏2,FengYouWT_shalouZhong_02,,,,,,10000135,动画2,,,,动画2,,,,,
1000013504,中沙漏3,FengYouWT_shalouZhong_03,,,,,,10000135,动画3,,,,动画3,,,,,
1000013505,中沙漏4,FengYouWT_shalouZhong_04,,,,,,10000135,动画4,,,,动画4,,,,,
1000013506,中沙漏5,FengYouWT_shalouZhong_05,,,,,,10000135,动画5,,,,动画5,,,,,
1000013507,中沙漏6,FengYouWT_shalouZhong_06,,,,,,10000135,动画6,,,,动画6,,,,,
1000013508,中沙漏7,FengYouWT_shalouZhong_07,,,,,,10000135,动画7,,,,动画7,,,,,
1000013509,中沙漏8,FengYouWT_shalouZhong_08,,,,,,10000135,动画8,,,,动画8,,,,,
1000013510,中沙漏9,FengYouWT_shalouZhong_09,,,,,,10000135,动画9,,,,动画9,,,,,
1000013511,中沙漏10,FengYouWT_shalouZhong_10,,,,,,10000135,动画10,,,,动画10,,,,,
1000013601,小沙漏0,FengYouWT_shalouXiao_00,,,,,,10000136,动画0,,,,动画0,,,,,
1000013602,小沙漏1,FengYouWT_shalouXiao_01,,,,,,10000136,动画1,,,,动画1,,,,,
1000013603,小沙漏2,FengYouWT_shalouXiao_02,,,,,,10000136,动画2,,,,动画2,,,,,
1000013604,小沙漏3,FengYouWT_shalouXiao_03,,,,,,10000136,动画3,,,,动画3,,,,,
1000013605,小沙漏4,FengYouWT_shalouXiao_04,,,,,,10000136,动画4,,,,动画4,,,,,
1000013606,小沙漏5,FengYouWT_shalouXiao_05,,,,,,10000136,动画5,,,,动画5,,,,,
1000013607,小沙漏6,FengYouWT_shalouXiao_06,,,,,,10000136,动画6,,,,动画6,,,,,
1000013608,小沙漏7,FengYouWT_shalouXiao_07,,,,,,10000136,动画7,,,,动画7,,,,,
1000013609,小沙漏8,FengYouWT_shalouXiao_08,,,,,,10000136,动画8,,,,动画8,,,,,
1000013610,小沙漏9,FengYouWT_shalouXiao_09,,,,,,10000136,动画9,,,,动画9,,,,,
1000013611,小沙漏10,FengYouWT_shalouXiao_10,,,,,,10000136,动画10,,,,动画10,,,,,
1000020101,变化火柱0,QiQiqoWT_HuoZhu_00,,,,,,10000201,动画1,,,,动画1,,,,,
1000020102,变化火柱1,QiQiqoWT_HuoZhu_01,,,,,,10000201,动画2,,,,动画2,,,,,
1000020301,四格桥未通过,QiQiqoWT_LiangGeQiao_00,,,,,,10000203,动画1,,,,动画1,,,,,
1000020302,四格桥通过,QiQiqoWT_LiangGeQiao_01,,,,,,10000203,动画2,,,,动画2,,,,,
1000020501,四格桥转未通过,QiQiqoWT_GDQiao_00,,,,,,10000205,动画1,,,,动画1,,,,,
1000020502,四格桥转角通过,QiQiqoWT_GDQiao_01,,,,,,10000205,动画2,,,,动画2,,,,,
1000021001,七桥重置按钮1,QiQiqoWT_CZAN_00,,,,,,10000210,动画1,,,,动画1,,,,,
1000021002,七桥重置按钮2,QiQiqoWT_CZAN_01,,,,,,10000210,动画2,,,,动画2,,,,,
1000021101,七桥计数器0,QiQiqoWT_QQJSQ_00,,,,,,10000211,动画1,,,,动画1,,,,,
1000021102,七桥计数器1,QiQiqoWT_QQJSQ_01,,,,,,10000211,动画2,,,,动画2,,,,,
1000021103,七桥计数器2,QiQiqoWT_QQJSQ_02,,,,,,10000211,动画3,,,,动画3,,,,,
1000021104,七桥计数器3,QiQiqoWT_QQJSQ_03,,,,,,10000211,动画4,,,,动画4,,,,,
1000021105,七桥计数器4,QiQiqoWT_QQJSQ_04,,,,,,10000211,动画5,,,,动画5,,,,,
1000021106,七桥计数器5,QiQiqoWT_QQJSQ_05,,,,,,10000211,动画6,,,,动画6,,,,,
1000021107,七桥计数器6,QiQiqoWT_QQJSQ_06,,,,,,10000211,动画7,,,,动画7,,,,,
1000021108,七桥计数器7,QiQiqoWT_QQJSQ_07,,,,,,10000211,动画8,,,,动画8,,,,,
1000021109,七桥计数器8,QiQiqoWT_QQJSQ_08,,,,,,10000211,动画9,,,,动画9,,,,,
1000021110,七桥计数器9,QiQiqoWT_QQJSQ_09,,,,,,10000211,动画10,,,,动画10,,,,,
1000021701,抽象黑板正确1,QiQiqoWT_CXHBDui_00,,,,,,10000217,动画1,,,,动画1,,,,,
1000021702,抽象黑板正确2,QiQiqoWT_CXHBDui_01,,,,,,10000217,动画2,,,,动画2,,,,,
1000021703,抽象黑板正确3,QiQiqoWT_CXHBDui_02,,,,,,10000217,动画3,,,,动画3,,,,,
1000021704,抽象黑板正确4,QiQiqoWT_CXHBDui_03,,,,,,10000217,动画4,,,,动画4,,,,,
1000021705,抽象黑板正确5,QiQiqoWT_CXHBDui_04,,,,,,10000217,动画5,,,,动画5,,,,,
1000021706,抽象黑板正确6,QiQiqoWT_CXHBDui_05,,,,,,10000217,动画6,,,,动画6,,,,,
1000021801,抽象黑板错误1,QiQiqoWT_CXHBCuo_00,,,,,,10000218,动画1,,,,动画1,,,,,
1000021802,抽象黑板错误2,QiQiqoWT_CXHBCuo_01,,,,,,10000218,动画2,,,,动画2,,,,,
1000021803,抽象黑板错误3,QiQiqoWT_CXHBCuo_02,,,,,,10000218,动画3,,,,动画3,,,,,
1000021804,抽象黑板错误4,QiQiqoWT_CXHBCuo_03,,,,,,10000218,动画4,,,,动画4,,,,,
1000021805,抽象黑板错误5,QiQiqoWT_CXHBCuo_04,,,,,,10000218,动画5,,,,动画5,,,,,
1000021806,抽象黑板错误6,QiQiqoWT_CXHBCuo_05,,,,,,10000218,动画6,,,,动画6,,,,,
1000021901,奖励金币,QiQiqoWT_JLJinBi_00,,,,,,10000219,奖励金币,,,,奖励金币1,,,,,
1000021902,奖励金币,QiQiqoWT_JLJinBi_01,,,,,,10000219,奖励金币,,,,奖励金币2,,,,,
1000021903,奖励金币,QiQiqoWT_JLJinBi_02,,,,,,10000219,奖励金币,,,,奖励金币3,,,,,
1000021904,奖励金币,QiQiqoWT_JLJinBi_03,,,,,,10000219,奖励金币,,,,奖励金币4,,,,,
1000021905,奖励金币,QiQiqoWT_JLJinBi_04,,,,,,10000219,奖励金币,,,,奖励金币5,,,,,
1000022101,数字地块0,QiQiqoWT_DiMianSZ_00,,,,,,10000221,数字0,,,,数字0,,,,,
1000022102,数字地块1,QiQiqoWT_DiMianSZ_01,,,,,,10000221,数字1,,,,数字1,,,,,
1000022103,数字地块2,QiQiqoWT_DiMianSZ_02,,,,,,10000221,数字2,,,,数字2,,,,,
1000022104,数字地块3,QiQiqoWT_DiMianSZ_03,,,,,,10000221,数字3,,,,数字3,,,,,
1000022105,数字地块4,QiQiqoWT_DiMianSZ_04,,,,,,10000221,数字4,,,,数字4,,,,,
1000022106,数字地块5,QiQiqoWT_DiMianSZ_05,,,,,,10000221,数字5,,,,数字5,,,,,
1000022107,数字地块6,QiQiqoWT_DiMianSZ_06,,,,,,10000221,数字6,,,,数字6,,,,,
1000022108,数字地块7,QiQiqoWT_DiMianSZ_07,,,,,,10000221,数字7,,,,数字7,,,,,
1000022109,数字地块8,QiQiqoWT_DiMianSZ_08,,,,,,10000221,数字8,,,,数字8,,,,,
1000022110,数字地块9,QiQiqoWT_DiMianSZ_09,,,,,,10000221,数字9,,,,数字9,,,,,
1000022111,数字地块10,QiQiqoWT_DiMianSZ_10,,,,,,10000221,问号,,,,问号,,,,,
1000022201,禁止通行1,QiQiqoWT_BuKeTX_00,,,,,,10000222,禁止,,,,禁止,,,,,
1000022202,禁止通行2,QiQiqoWT_BuKeTX_01,,,,,,10000222,允许,,,,允许,,,,,
1000023101,投影禁止1,QiQiqoWT_TouYingBZ2_00,,,,,,10000231,禁止,,,,禁止,,,,,
1000023102,投影禁止2,QiQiqoWT_TouYingBZ2_01,,,,,,10000231,允许,,,,允许,,,,,
1000023501,W按钮1,QiQiqoWT_QQJPW_00,,,,,,10000235,正常,,,,正常,,,,,
1000023502,W按钮2,QiQiqoWT_QQJPW_01,,,,,,10000235,变色,,,,变色,,,,,
1000023503,W按钮3,QiQiqoWT_QQJPW_02,,,,,,10000235,按下,,,,按下,,,,,
1000023601,A按钮1,QiQiqoWT_QQJPA_00,,,,,,10000236,正常,,,,正常,,,,,
1000023602,A按钮2,QiQiqoWT_QQJPA_01,,,,,,10000236,变色,,,,变色,,,,,
1000023603,A按钮3,QiQiqoWT_QQJPA_02,,,,,,10000236,按下,,,,按下,,,,,
1000023701,S按钮1,QiQiqoWT_QQJPS_00,,,,,,10000237,正常,,,,正常,,,,,
1000023702,S按钮2,QiQiqoWT_QQJPS_01,,,,,,10000237,变色,,,,变色,,,,,
1000023703,S按钮3,QiQiqoWT_QQJPS_02,,,,,,10000237,按下,,,,按下,,,,,
1000023801,D按钮1,QiQiqoWT_QQJPD_00,,,,,,10000238,正常,,,,正常,,,,,
1000023802,D按钮2,QiQiqoWT_QQJPD_01,,,,,,10000238,变色,,,,变色,,,,,
1000023803,D按钮3,QiQiqoWT_QQJPD_02,,,,,,10000238,按下,,,,按下,,,,,
1000023901,七桥抽象黑板0,QiQiqoWT_QQCXHB_00,,,,,,10000239,动画0,,,,动画0,,,,,
1000023902,七桥抽象黑板1,QiQiqoWT_QQCXHB_01,,,,,,10000239,动画1,,,,动画1,,,,,
1000023903,七桥抽象黑板2,QiQiqoWT_QQCXHB_02,,,,,,10000239,动画2,,,,动画2,,,,,
1000023904,七桥抽象黑板3,QiQiqoWT_QQCXHB_03,,,,,,10000239,动画3,,,,动画3,,,,,
1000023905,七桥抽象黑板4,QiQiqoWT_QQCXHB_04,,,,,,10000239,动画4,,,,动画4,,,,,
1000023906,七桥抽象黑板5,QiQiqoWT_QQCXHB_05,,,,,,10000239,动画5,,,,动画5,,,,,
1000023907,七桥抽象黑板6,QiQiqoWT_QQCXHB_06,,,,,,10000239,动画6,,,,动画6,,,,,
1000023908,七桥抽象黑板7,QiQiqoWT_QQCXHB_07,,,,,,10000239,动画7,,,,动画7,,,,,
1000023909,七桥抽象黑板8,QiQiqoWT_QQCXHB_08,,,,,,10000239,动画8,,,,动画8,,,,,
1000023910,七桥抽象黑板9,QiQiqoWT_QQCXHB_09,,,,,,10000239,动画9,,,,动画9,,,,,
1000023911,七桥抽象黑板10,QiQiqoWT_QQCXHB_10,,,,,,10000239,动画10,,,,动画10,,,,,
1000026301,对错按钮-错,DaTiDao_DTCuoWuAN_00,,,,,,10000263,动画1,,,,动画1,,,,,
1000026302,对错按钮-对,DaTiDao_DTGouAN_00,,,,,,10000263,动画2,,,,动画2,,,,,
1000026401,一格桥正常,QiQiqoWT_WuShuiQiao_00,,,,,,10000264,正常,,,,正常,,,,,
1000026402,一格桥灰色,QiQiqoWT_WuShuiQiao_01,,,,,,10000264,灰色,,,,灰色,,,,,
1000027101,梅花1,QiQiqoWT_MeiHua01,,,,,,10000271,动画1,,,,动画1,,,,,
1000027102,梅花2,QiQiqoWT_MeiHua02,,,,,,10000271,动画2,,,,动画2,,,,,
1000027103,梅花3,QiQiqoWT_MeiHua03,,,,,,10000271,动画3,,,,动画3,,,,,
1000027104,梅花4,QiQiqoWT_MeiHua04,,,,,,10000271,动画4,,,,动画4,,,,,
1000027105,梅花5,QiQiqoWT_MeiHua05,,,,,,10000271,动画5,,,,动画5,,,,,
1000027201,喷泉关闭,QiQiqoWT_Spring_00,,,,,,10000272,喷泉关闭,,,,喷泉关闭,,,,,
1000027202,喷泉开启,QiQiqoWT_Spring_01,,,,,,10000272,喷泉开启,,,,喷泉开启1,,,,,
1000027203,喷泉开启,QiQiqoWT_Spring_02,,,,,,10000272,喷泉开启,,,,喷泉开启2,,,,,
1000027204,喷泉开启,QiQiqoWT_Spring_03,,,,,,10000272,喷泉开启,,,,喷泉开启3,,,,,
1000027205,喷泉开启,QiQiqoWT_Spring_04,,,,,,10000272,喷泉开启,,,,喷泉开启4,,,,,
1000027206,喷泉开启,QiQiqoWT_Spring_05,,,,,,10000272,喷泉开启,,,,喷泉开启5,,,,,
1000027207,喷泉开启,QiQiqoWT_Spring_06,,,,,,10000272,喷泉开启,,,,喷泉开启6,,,,,
1000027208,喷泉运行,QiQiqoWT_Spring_04,,,,,,10000272,喷泉运行,,,,喷泉运行1,,,,,
1000027209,喷泉运行,QiQiqoWT_Spring_05,,,,,,10000272,喷泉运行,,,,喷泉运行2,,,,,
1000027210,喷泉运行,QiQiqoWT_Spring_06,,,,,,10000272,喷泉运行,,,,喷泉运行3,,,,,
1000030301,土块默认,liangduan_3,,,,,,10000303,动画1,,,,动画1,,,,,
1000030302,土块变红,liangduan_3_1,,,,,,10000303,动画2,,,,动画2,,,,,
1000030303,土块变灰,liangduan_3_2,,,,,,10000303,动画3,,,,动画3,,,,,
1000033601,烂盖子,liangduan_36,,,,,,10000336,动画1,,,,动画1,,,,,
1000033602,好盖子,liangduan_61,,,,,,10000336,动画2,,,,动画2,,,,,
1000034901,黄色的树1,liangduan_49,,,,,,10000349,动画1,,,,动画1,,,,,
1000034902,黄色的树2,ZhongShuWT_Shu_00,,,,,,10000349,动画2,,,,动画2,,,,,
1000035001,绿色的两叉树1,liangduan_50,,,,,,10000350,动画1,,,,动画1,,,,,
1000035002,绿色的两叉树2,ZhongShuWT_Shu_00,,,,,,10000350,动画2,,,,动画2,,,,,
1000035101,浅绿色的树1,liangduan_51,,,,,,10000351,动画1,,,,动画1,,,,,
1000035102,浅绿色的树2,ZhongShuWT_Shu_00,,,,,,10000351,动画2,,,,动画2,,,,,
1000035201,秃顶的树1,liangduan_52,,,,,,10000352,动画1,,,,动画1,,,,,
1000035202,秃顶的树2,ZhongShuWT_Shu_00,,,,,,10000352,动画2,,,,动画2,,,,,
1000035301,很方的树1,liangduan_53,,,,,,10000353,动画1,,,,动画1,,,,,
1000035302,很方的树2,ZhongShuWT_Shu_00,,,,,,10000353,动画2,,,,动画2,,,,,
1000035401,雪糕树1,liangduan_54,,,,,,10000354,动画1,,,,动画1,,,,,
1000035402,雪糕树2,ZhongShuWT_Shu_00,,,,,,10000354,动画2,,,,动画2,,,,,
1000035701,路灯(前)1,liangduan_57,,,,,,10000357,动画1,,,,动画1,,,,,
1000035702,路灯(前)2,liangduan_58,,,,,,10000357,动画2,,,,动画2,,,,,
1000035801,路灯(后)1,liangduan_60,,,,,,10000358,动画1,,,,动画1,,,,,
1000035802,路灯(后)2,liangduan_59,,,,,,10000358,动画2,,,,动画2,,,,,
1000040101,点兵计数柱空,DianBingWT_JSZ_00,,,,,,10000401,动画1,,,,动画1,,,,,
1000040102,点兵计数柱1,DianBingWT_JSZ_01,,,,,,10000401,动画2,,,,动画2,,,,,
1000040103,点兵计数柱2,DianBingWT_JSZ_02,,,,,,10000401,动画3,,,,动画3,,,,,
1000040104,点兵计数柱3,DianBingWT_JSZ_03,,,,,,10000401,动画4,,,,动画4,,,,,
1000040105,点兵计数柱4,DianBingWT_JSZ_04,,,,,,10000401,动画5,,,,动画5,,,,,
1000040106,点兵计数柱5,DianBingWT_JSZ_05,,,,,,10000401,动画6,,,,动画6,,,,,
1000040107,点兵计数柱6,DianBingWT_JSZ_06,,,,,,10000401,动画7,,,,动画7,,,,,
1000040108,点兵计数柱7,DianBingWT_JSZ_07,,,,,,10000401,动画8,,,,动画8,,,,,
1000040109,点兵计数柱8,DianBingWT_JSZ_08,,,,,,10000401,动画9,,,,动画9,,,,,
1000040110,点兵计数柱9,DianBingWT_JSZ_09,,,,,,10000401,动画10,,,,动画10,,,,,
1000040201,点兵行列数1,DianBingWT_HLS_00,,,,,,10000402,动画1,,,,动画1,,,,,
1000040202,点兵行列数2,DianBingWT_HLS_01,,,,,,10000402,动画2,,,,动画2,,,,,
1000040203,点兵行列数3,DianBingWT_HLS_02,,,,,,10000402,动画3,,,,动画3,,,,,
1000040204,点兵行列数4,DianBingWT_HLS_03,,,,,,10000402,动画4,,,,动画4,,,,,
1000040205,点兵行列数5,DianBingWT_HLS_04,,,,,,10000402,动画5,,,,动画5,,,,,
1000040206,点兵行列数6,DianBingWT_HLS_05,,,,,,10000402,动画6,,,,动画6,,,,,
1000040207,点兵行列数7,DianBingWT_HLS_06,,,,,,10000402,动画7,,,,动画7,,,,,
1000040208,点兵行列数8,DianBingWT_HLS_07,,,,,,10000402,动画8,,,,动画8,,,,,
1000040209,点兵行列数9,DianBingWT_HLS_08,,,,,,10000402,动画9,,,,动画9,,,,,
1000040210,点兵行列数N,DianBingWT_HLS_09,,,,,,10000402,动画10,,,,动画10,,,,,
1000040211,点兵行列数三点,DianBingWT_HLS_10,,,,,,10000402,动画11,,,,动画11,,,,,
1000040401,黑沙兵,DianBingWT_HSQ_00,,,,,,10000404,动画1,,,,动画1,,,,,
1000040402,沙兵投影,DianBingWT_HSQ_01,,,,,,10000404,动画2,,,,动画2,,,,,
1000040701,数字答题器,DianBingWT_DTQ_00,,,,,,10000407,动画1,,,,动画1,,,,,
1000040702,数字答题器,DianBingWT_DTQ_01,,,,,,10000407,动画2,,,,动画2,,,,,
1000040703,数字答题器,DianBingWT_DTQ_02,,,,,,10000407,动画3,,,,动画3,,,,,
1000050401,小堆饲料1,FengShiWT_XiaoDuiSL_00,,,,,,10000504,动画1,,,,动画1,,,,,
1000050402,小堆饲料2,FengShiWT_XiaoDuiSL_01,,,,,,10000504,动画2,,,,动画2,,,,,
1000050403,小堆饲料3,FengShiWT_XiaoDuiSL_02,,,,,,10000504,动画3,,,,动画3,,,,,
1000050501,大堆饲料1,FengShiWT_DaDduiSL_00,,,,,,10000505,动画1,,,,动画1,,,,,
1000050502,大堆饲料2,FengShiWT_DaDduiSL_01,,,,,,10000505,动画2,,,,动画2,,,,,
1000050503,大堆饲料3,FengShiWT_DaDduiSL_02,,,,,,10000505,动画3,,,,动画3,,,,,
1000050601,小鸡孵化器1,FengShiWT_XiaoJiFHQ_00,,,,,,10000506,动画1,,,,动画1,,,,,
1000050602,小鸡孵化器2,FengShiWT_XiaoJiFHQ_01,,,,,,10000506,动画2,,,,动画2,,,,,
1000050701,小鸭孵化器1,FengShiWT_XiaoYaFHQ_00,,,,,,10000507,动画1,,,,动画1,,,,,
1000050702,小鸭孵化器2,FengShiWT_XiaoYaFHQ_01,,,,,,10000507,动画2,,,,动画2,,,,,
1000050801,一筐蛋1,FengShiWT_YiKuangDan_00,,,,,,10000508,动画1,,,,动画1,,,,,
1000050802,一筐蛋2,FengShiWT_YiKuangDan_01,,,,,,10000508,动画2,,,,动画2,,,,,
1000050803,一筐蛋3,FengShiWT_YiKuangDan_02,,,,,,10000508,动画3,,,,动画3,,,,,
1000050804,一筐蛋4,FengShiWT_YiKuangDan_03,,,,,,10000508,动画4,,,,动画4,,,,,
1000050901,分食计数器1,FengShiWT_FengShiJSQ_00,,,,,,10000509,动画1,,,,动画1,,,,,
1000050902,分食计数器2,FengShiWT_FengShiJSQ_01,,,,,,10000509,动画2,,,,动画2,,,,,
1000050903,分食计数器3,FengShiWT_FengShiJSQ_02,,,,,,10000509,动画3,,,,动画3,,,,,
1000050904,分食计数器4,FengShiWT_FengShiJSQ_03,,,,,,10000509,动画4,,,,动画4,,,,,
1000050905,分食计数器5,FengShiWT_FengShiJSQ_04,,,,,,10000509,动画5,,,,动画5,,,,,
1000050906,分食计数器6,FengShiWT_FengShiJSQ_05,,,,,,10000509,动画6,,,,动画6,,,,,
1000050907,分食计数器7,FengShiWT_FengShiJSQ_06,,,,,,10000509,动画7,,,,动画7,,,,,
1000050908,分食计数器8,FengShiWT_FengShiJSQ_07,,,,,,10000509,动画8,,,,动画8,,,,,
1000050909,分食计数器9,FengShiWT_FengShiJSQ_08,,,,,,10000509,动画9,,,,动画9,,,,,
1000050910,分食计数器10,FengShiWT_FengShiJSQ_09,,,,,,10000509,动画10,,,,动画10,,,,,
1000060101,井字棋棋子1,JingZhiQi_HeiTaoQ_00,,,,,,10000601,动画1,,,,动画1,,,,,
1000060102,井字棋棋子2,JingZhiQi_HeiTaoQ_01,,,,,,10000601,动画2,,,,动画2,,,,,
1000060103,井字棋棋子3,JingZhiQi_HeiTaoQ_02,,,,,,10000601,动画3,,,,动画3,,,,,
1000060104,井字棋棋子4,JingZhiQi_HeiTaoQ_03,,,,,,10000601,动画4,,,,动画4,,,,,
1000060301,井字棋展示板1,JingZhiQi_XiaQiBan_00,,,,,,10000603,动画1,,,,动画1,,,,,
1000060302,井字棋展示板2,JingZhiQi_XiaQiBan_01,,,,,,10000603,动画2,,,,动画2,,,,,
1000060401,井字棋棋子1,JingZhiQi_HeiTaoQ_00,,,,,,10000604,空白,,,,空白,,,,,
1000060402,井字棋棋子2,JingZhiQi_QuanCha_01,,,,,,10000604,圈圈,,,,圈圈,,,,,
1000060403,井字棋棋子3,JingZhiQi_QuanCha_02,,,,,,10000604,叉叉,,,,叉叉,,,,,
1000071101,餐馆墙壁右1,CanGuanWT_CGQiangBi_01,,,,,,10000711,显示,,,,显示,,,,,
1000071102,餐馆墙壁右2,CanGuanWT_CGQiangBi_02,,,,,,10000711,隐身,,,,隐身,,,,,
1000080201,答题问题板1,DaTiDao_DaTiBan_00,,,,,,10000802,动画1,,,,动画1,,,,,
1000080202,答题问题板2,DaTiDao_DaTiBan_01,,,,,,10000802,动画2,,,,动画2,,,,,
1000080301,答题错按钮1,DaTiDao_DTCuoWuAN_00,,,,,,10000803,动画1,,,,动画1,,,,,
1000080302,答题错按钮2,DaTiDao_DTCuoWuAN_01,,,,,,10000803,动画2,,,,动画2,,,,,
1000080401,答题对按钮1,DaTiDao_DTGouAN_00,,,,,,10000804,动画1,,,,动画1,,,,,
1000080402,答题对按钮2,DaTiDao_DTGouAN_01,,,,,,10000804,动画2,,,,动画2,,,,,
1000081601,答题问号动画1,DaTiDao_DaTiWenHao_00,,,,,,10000816,动画1,,,,动画1,,,,,
1000081602,答题问号动画2,DaTiDao_DaTiWenHao_01,,,,,,10000816,动画2,,,,动画2,,,,,
1000081603,答题问号动画3,DaTiDao_DaTiWenHao_02,,,,,,10000816,动画3,,,,动画3,,,,,
1000081604,答题问号动画4,DaTiDao_DaTiWenHao_03,,,,,,10000816,动画4,,,,动画4,,,,,
1000081605,答题问号动画5,DaTiDao_DaTiWenHao_04,,,,,,10000816,动画5,,,,动画5,,,,,
1000081606,答题问号动画6,DaTiDao_DaTiWenHao_05,,,,,,10000816,动画6,,,,动画6,,,,,
1000081607,答题问号动画7,DaTiDao_DaTiWenHao_06,,,,,,10000816,动画7,,,,动画7,,,,,
1000081608,答题问号动画8,DaTiDao_DaTiWenHao_07,,,,,,10000816,动画8,,,,动画8,,,,,
1000081609,答题问号动画9,DaTiDao_DaTiWenHao_08,,,,,,10000816,动画9,,,,动画9,,,,,
1000081610,答题问号动画10,DaTiDao_DaTiWenHao_09,,,,,,10000816,动画10,,,,动画10,,,,,
1000081611,答题问号动画11,DaTiDao_DaTiWenHao_10,,,,,,10000816,动画11,,,,动画11,,,,,
1000081612,答题问号动画12,DaTiDao_DaTiWenHao_11,,,,,,10000816,动画12,,,,动画12,,,,,
1000081613,答题问号动画13,DaTiDao_DaTiWenHao_12,,,,,,10000816,动画13,,,,动画13,,,,,
1000081614,答题问号动画14,DaTiDao_DaTiWenHao_13,,,,,,10000816,动画14,,,,动画14,,,,,
1000081615,答题问号动画15,DaTiDao_DaTiWenHao_14,,,,,,10000816,动画15,,,,动画15,,,,,
1000081616,答题问号动画16,DaTiDao_DaTiWenHao_15,,,,,,10000816,动画16,,,,动画16,,,,,
1000081617,答题问号动画17,DaTiDao_DaTiWenHao_16,,,,,,10000816,动画17,,,,动画17,,,,,
1000090501,种树用树1,ZhongShuWT_Shu_00,,,,,,10000905,动画1,,,,动画1,,,,,
1000090502,种树用树2,ZhongShuWT_Shu_01,,,,,,10000905,动画2,,,,动画2,,,,,
210618101,打地鼠物件,,bin_dadishuTest,close11,bin_dadishuTest,open,,2106181,动画1,,,,动画1,,1,,,
210618102,打地鼠物件,,bin_dadishuTest,open11,bin_dadishuTest,close,,2106181,动画2,,,,动画2,,,,,
210618103,打地鼠物件,dadishu_03,,,,,,2106181,动画3,,,,动画3,,,,,
210618104,打地鼠物件,dadishu_04,,,,,,2106181,动画4,,,,动画4,,,,,
210618105,打地鼠物件,dadishu_05,,,,,,2106181,动画5,,,,动画5,,,,,
210618106,打地鼠物件,dadishu_06,,,,,,2106181,动画6,,,,动画6,,,,,
210618107,打地鼠物件,dadishu_07,,,,,,2106181,动画7,,,,动画7,,,,,
210618201,打狗物件,dagou_01,,,,,,2106182,动画1,,,,动画1,,,,,
210618202,打狗物件,dagou_02,,,,,,2106182,动画2,,,,动画2,,,,,
210618203,打狗物件,dagou_03,,,,,,2106182,动画3,,,,动画3,,,,,
210618204,打狗物件,dagou_04,,,,,,2106182,动画4,,,,动画4,,,,,
210618205,打狗物件,dagou_05,,,,,,2106182,动画5,,,,动画5,,,,,
210618206,打狗物件,dagou_06,,,,,,2106182,动画6,,,,动画6,,,,,
210618207,打狗物件,dagou_07,,,,,,2106182,动画7,,,,动画7,,,,,
210618301,打兔子物件,datuzi_01,,,,,,2106183,动画1,,,,动画1,,,,,
210618302,打兔子物件,datuzi_02,,,,,,2106183,动画2,,,,动画2,,,,,
210618303,打兔子物件,datuzi_03,,,,,,2106183,动画3,,,,动画3,,,,,
210618304,打兔子物件,datuzi_04,,,,,,2106183,动画4,,,,动画4,,,,,
210618305,打兔子物件,datuzi_05,,,,,,2106183,动画5,,,,动画5,,,,,
210618306,打兔子物件,datuzi_06,,,,,,2106183,动画6,,,,动画6,,,,,
210618307,打兔子物件,datuzi_07,,,,,,2106183,动画7,,,,动画7,,,,,
210618401,打野猪物件,dayezhu_01,,,,,,2106184,动画1,,,,动画1,,,,,
210618402,打野猪物件,dayezhu_02,,,,,,2106184,动画2,,,,动画2,,,,,
210618403,打野猪物件,dayezhu_03,,,,,,2106184,动画3,,,,动画3,,,,,
210618404,打野猪物件,dayezhu_04,,,,,,2106184,动画4,,,,动画4,,,,,
210618405,打野猪物件,dayezhu_05,,,,,,2106184,动画5,,,,动画5,,,,,
210618406,打野猪物件,dayezhu_06,,,,,,2106184,动画6,,,,动画6,,,,,
210618407,打野猪物件,dayezhu_07,,,,,,2106184,动画7,,,,动画7,,,,,
210618501,计数器0,jishuqi_00,,,,,,2106185,数字0,,,,数字0,,,,,
210618502,计数器1,jishuqi_01,,,,,,2106185,数字1,,,,数字1,,,,,
210618503,计数器2,jishuqi_02,,,,,,2106185,数字2,,,,数字2,,,,,
210618504,计数器3,jishuqi_03,,,,,,2106185,数字3,,,,数字3,,,,,
210618505,计数器4,jishuqi_04,,,,,,2106185,数字4,,,,数字4,,,,,
210618506,计数器5,jishuqi_05,,,,,,2106185,数字5,,,,数字5,,,,,
210618507,计数器6,jishuqi_06,,,,,,2106185,数字6,,,,数字6,,,,,
210618508,计数器7,jishuqi_07,,,,,,2106185,数字7,,,,数字7,,,,,
210618509,计数器8,jishuqi_08,,,,,,2106185,数字8,,,,数字8,,,,,
210618510,计数器9,jishuqi_09,,,,,,2106185,数字9,,,,数字9,,,,,
210618601,按钮物件,luobu_01,,,,,,2106186,动画1,,,,动画1,,,,,
210618602,按钮物件,luobu_02,,,,,,2106186,动画2,,,,动画2,,,,,
210618701,压力板物件,yaliban_01,,,,,,2106187,动画1,,,,动画1,,,,,
210618702,压力板物件,yaliban_02,,,,,,2106187,动画2,,,,动画2,,,,,
1000101001,初心雕像1,QiQiqoWT_BlockSquare_01,,,,,,10001010,动画1,,,,动画1,,,,,
1000101002,初心雕像2,QiQiqoWT_BlockSquare_02,,,,,,10001010,动画2,,,,动画2,,,,,
1000101003,初心雕像3,QiQiqoWT_BlockSquare_03,,,,,,10001010,动画3,,,,动画3,,,,,
1000101004,初心雕像4,QiQiqoWT_BlockSquare_04,,,,,,10001010,动画4,,,,动画4,,,,,
1000101005,初心雕像5,QiQiqoWT_BlockSquare_05,,,,,,10001010,动画5,,,,动画5,,,,,
1000101006,初心雕像6,QiQiqoWT_BlockSquare_06,,,,,,10001010,动画6,,,,动画6,,,,,
1000101007,初心雕像7,QiQiqoWT_BlockSquare_07,,,,,,10001010,动画7,,,,动画7,,,,,
1000100701,初心课本1,QiQiqoWT_book_01,,,,,,10001007,动画1,,,,动画1,,,,,
1000100702,初心课本2,QiQiqoWT_book_02,,,,,,10001007,动画2,,,,动画2,,,,,
1000100703,初心课本3,QiQiqoWT_book_03,,,,,,10001007,动画3,,,,动画3,,,,,
1000100704,初心课本4,QiQiqoWT_book_04,,,,,,10001007,动画4,,,,动画4,,,,,
1000200001,实验室・中枢1,shiyanshi_zhongshu1,,,,,,20040043,动画1,,,,动画1,,,,,
1000200002,实验室・中枢2,shiyanshi_zhongshu2,,,,,,20040043,动画2,,,,动画2,,,,,
1000200003,实验室・中枢3,shiyanshi_zhongshu3,,,,,,20040043,动画3,,,,动画3,,,,,
1000200004,实验室・中枢4,shiyanshi_zhongshu4,,,,,,20040043,动画4,,,,动画4,,,,,
1000200005,实验室・中枢5,shiyanshi_zhongshu5,,,,,,20040043,动画5,,,,动画5,,,,,
1000200006,实验室・中枢6,shiyanshi_zhongshu6,,,,,,20040043,动画6,,,,动画6,,,,,
1000200007,实验室・中枢7,shiyanshi_zhongshu7,,,,,,20040043,动画7,,,,动画7,,,,,
1000200008,实验室・中枢8,shiyanshi_zhongshu8,,,,,,20040043,动画8,,,,动画8,,,,,
1000200009,实验室・中枢9,shiyanshi_zhongshu9,,,,,,20040043,动画9,,,,动画9,,,,,
1000200010,实验室・中枢10,shiyanshi_zhongshu10,,,,,,20040043,动画10,,,,动画10,,,,,
1000200011,实验室・中枢11,shiyanshi_zhongshu11,,,,,,20040043,动画11,,,,动画11,,,,,
1000200012,实验室・中枢12,shiyanshi_zhongshu12,,,,,,20040043,动画12,,,,动画12,,,,,
1000200013,实验室・中枢13,shiyanshi_zhongshu13,,,,,,20040043,动画13,,,,动画13,,,,,
1000200014,实验室・中枢14,shiyanshi_zhongshu14,,,,,,20040043,动画14,,,,动画14,,,,,
1000200015,实验室・中枢15,shiyanshi_zhongshu15,,,,,,20040043,动画15,,,,动画15,,,,,
1000200016,实验室・中枢16,shiyanshi_zhongshu16,,,,,,20040043,动画16,,,,动画16,,,,,
1000200017,实验室・中枢17,shiyanshi_zhongshu17,,,,,,20040043,动画17,,,,动画17,,,,,
1000200018,实验室・中枢18,shiyanshi_zhongshu18,,,,,,20040043,动画18,,,,动画18,,,,,
1000200019,实验室・中枢19,shiyanshi_zhongshu19,,,,,,20040043,动画19,,,,动画19,,,,,
1000200020,实验室・中枢20,shiyanshi_zhongshu20,,,,,,20040043,动画20,,,,动画20,,,,,
1000200101,实验室・控制台1,shiyanshi_controller1,,,,,,20040001,动画1,,,,动画1,,,,,Z_shiyanshi_controller
1000200102,实验室・控制台2,shiyanshi_controller2,,,,,,20040001,动画2,,,,动画2,,,,,Z_shiyanshi_controller
1000200103,实验室・控制台3,shiyanshi_controller3,,,,,,20040001,动画3,,,,动画3,,,,,Z_shiyanshi_controller
1000200104,实验室・控制台4,shiyanshi_controller4,,,,,,20040001,动画4,,,,动画4,,,,,Z_shiyanshi_controller
1000200105,实验室・控制台5,shiyanshi_controller5,,,,,,20040001,动画5,,,,动画5,,,,,Z_shiyanshi_controller
1000200106,实验室・控制台6,shiyanshi_controller6,,,,,,20040001,动画6,,,,动画6,,,,,Z_shiyanshi_controller
1000200107,实验室・控制台7,shiyanshi_controller7,,,,,,20040001,动画7,,,,动画7,,,,,Z_shiyanshi_controller
1000200108,实验室・控制台8,shiyanshi_controller8,,,,,,20040001,动画8,,,,动画8,,,,,Z_shiyanshi_controller
1000200109,实验室・控制台9,shiyanshi_controller9,,,,,,20040001,动画9,,,,动画9,,,,,Z_shiyanshi_controller
1000200110,实验室・控制台10,shiyanshi_controller10,,,,,,20040001,动画10,,,,动画10,,,,,Z_shiyanshi_controller
1000200111,实验室・控制台11,shiyanshi_controller11,,,,,,20040001,动画11,,,,动画11,,,,,Z_shiyanshi_controller
1000200112,实验室・控制台12,shiyanshi_controller12,,,,,,20040001,动画12,,,,动画12,,,,,Z_shiyanshi_controller
1000200113,实验室・控制台13,shiyanshi_controller13,,,,,,20040001,动画13,,,,动画13,,,,,Z_shiyanshi_controller
1000200114,实验室・控制台14,shiyanshi_controller14,,,,,,20040001,动画14,,,,动画14,,,,,Z_shiyanshi_controller
1000200115,实验室・控制台15,shiyanshi_controller15,,,,,,20040001,动画15,,,,动画15,,,,,Z_shiyanshi_controller
1000200116,实验室・控制台16,shiyanshi_controller16,,,,,,20040001,动画16,,,,动画16,,,,,Z_shiyanshi_controller
1000200117,实验室・控制台17,shiyanshi_controller17,,,,,,20040001,动画17,,,,动画17,,,,,Z_shiyanshi_controller
1000200118,实验室・控制台18,shiyanshi_controller18,,,,,,20040001,动画18,,,,动画18,,,,,Z_shiyanshi_controller
1000200119,实验室・控制台19,shiyanshi_controller19,,,,,,20040001,动画19,,,,动画19,,,,,Z_shiyanshi_controller
1000200120,实验室・控制台20,shiyanshi_controller20,,,,,,20040001,动画20,,,,动画20,,,,,Z_shiyanshi_controller
2000500101,洒水机1,shashuiji0001,,,,,,20005001,动画1,,,,动画1,,,,,
2000500102,洒水机2,shashuiji0002,,,,,,20005001,动画2,,,,动画2,,,,,
2000500103,洒水机3,shashuiji0003,,,,,,20005001,动画3,,,,动画3,,,,,
2000500104,洒水机4,shashuiji0004,,,,,,20005001,动画4,,,,动画4,,,,,
2000500105,洒水机5,shashuiji0005,,,,,,20005001,动画5,,,,动画5,,,,,
2000500106,洒水机6,shashuiji0006,,,,,,20005001,动画6,,,,动画6,,,,,
2000500107,洒水机7,shashuiji0007,,,,,,20005001,动画7,,,,动画7,,,,,
2000500108,洒水机8,shashuiji0008,,,,,,20005001,动画8,,,,动画8,,,,,
2000500109,洒水机9,shashuiji0009,,,,,,20005001,动画9,,,,动画9,,,,,
2000500110,洒水机10,shashuiji0010,,,,,,20005001,动画10,,,,动画10,,,,,
2000500201,三层树1,sancengshu0001,,,,,,20005002,动画1,,,,动画1,,,,,
2000500202,三层树2,sancengshu0002,,,,,,20005002,动画2,,,,动画2,,,,,
2000500203,三层树3,sancengshu0003,,,,,,20005002,动画3,,,,动画3,,,,,
2000500204,三层树4,sancengshu0004,,,,,,20005002,动画4,,,,动画4,,,,,
2000500205,三层树5,sancengshu0005,,,,,,20005002,动画5,,,,动画5,,,,,
2000500206,三层树6,sancengshu0006,,,,,,20005002,动画6,,,,动画6,,,,,
2000500207,三层树7,sancengshu0007,,,,,,20005002,动画7,,,,动画7,,,,,
2000500208,三层树8,sancengshu0008,,,,,,20005002,动画8,,,,动画8,,,,,
2000500209,三层树9,sancengshu0009,,,,,,20005002,动画9,,,,动画9,,,,,
2000500210,三层树10,sancengshu0010,,,,,,20005002,动画10,,,,动画10,,,,,
2000500211,三层树11,sancengshu0011,,,,,,20005002,动画11,,,,动画11,,,,,
2000500212,三层树12,sancengshu0012,,,,,,20005002,动画12,,,,动画12,,,,,
2000500213,三层树13,sancengshu0013,,,,,,20005002,动画13,,,,动画13,,,,,
2000500214,三层树14,sancengshu0014,,,,,,20005002,动画14,,,,动画14,,,,,
2000500215,三层树15,sancengshu0015,,,,,,20005002,动画15,,,,动画15,,,,,
2000500216,三层树16,sancengshu0016,,,,,,20005002,动画16,,,,动画16,,,,,
2000500217,三层树17,sancengshu0017,,,,,,20005002,动画17,,,,动画17,,,,,
2000500218,三层树18,sancengshu0018,,,,,,20005002,动画18,,,,动画18,,,,,
2000500219,三层树19,sancengshu0019,,,,,,20005002,动画19,,,,动画19,,,,,
2000500220,三层树20,sancengshu0020,,,,,,20005002,动画20,,,,动画20,,,,,
2000500221,三层树21,sancengshu0021,,,,,,20005002,动画21,,,,动画21,,,,,
2000500222,三层树22,sancengshu0022,,,,,,20005002,动画22,,,,动画22,,,,,
2000500223,三层树23,sancengshu0023,,,,,,20005002,动画23,,,,动画23,,,,,
2000500224,三层树24,sancengshu0024,,,,,,20005002,动画24,,,,动画24,,,,,
2000500225,三层树25,sancengshu0025,,,,,,20005002,动画25,,,,动画25,,,,,
2000500226,三层树26,sancengshu0026,,,,,,20005002,动画26,,,,动画26,,,,,
2000500227,三层树27,sancengshu0027,,,,,,20005002,动画27,,,,动画27,,,,,
2000500228,三层树28,sancengshu0028,,,,,,20005002,动画28,,,,动画28,,,,,
2000500229,三层树29,sancengshu0029,,,,,,20005002,动画29,,,,动画29,,,,,
2000500230,三层树30,sancengshu0030,,,,,,20005002,动画30,,,,动画30,,,,,
2000500231,三层树31,sancengshu0031,,,,,,20005002,动画31,,,,动画31,,,,,
2000500232,三层树32,sancengshu0032,,,,,,20005002,动画32,,,,动画32,,,,,
2001200701,威尼斯七桥正常,WNSQ_07,,,,,,20012007,正常,,,,正常,,,,,
2001200702,威尼斯七桥变化,WNSQ_07_01,,,,,,20012007,变化,,,,变化,,,,,
2001400101,传输按钮弹出,Qi_Qiao_CSAN1,,,,,,20014001,传输按钮弹出,,,,传输按钮弹出,,,,,
2001400102,传输按钮按下,Qi_Qiao_CSAN2,,,,,,20014001,传输按钮按下,,,,传输按钮按下,,,,,
2001400201,一桥正确图纸,Qi_Qiao_CX1Q_Right1,,,,,,20014002,一桥正确图纸,,,,一桥正确图纸,,,,,
2001400202,一桥实际图片,Qi_Qiao_CX1Q_Right2,,,,,,20014002,一桥实际图片,,,,一桥实际图片,,,,,
2001400401,二桥正确图纸,Qi_Qiao_CX2Q_Right1,,,,,,20014004,二桥正确图纸,,,,二桥正确图纸,,,,,
2001400402,二桥实际图片,Qi_Qiao_CX2Q_Right2,,,,,,20014004,二桥实际图片,,,,二桥实际图片,,,,,
2001400601,三桥正确图纸,Qi_Qiao_CX3Q_Right1,,,,,,20014006,三桥正确图纸,,,,三桥正确图纸,,,,,
2001400602,三桥实际图片,Qi_Qiao_CX3Q_Right2,,,,,,20014006,三桥实际图片,,,,三桥实际图片,,,,,
2001400801,四桥正确图纸,Qi_Qiao_CX4Q_Right1,,,,,,20014008,四桥正确图纸,,,,四桥正确图纸,,,,,
2001400802,四桥实际图片,Qi_Qiao_CX4Q_Right2,,,,,,20014008,四桥实际图片,,,,四桥实际图片,,,,,
2001401001,五桥正确图纸,Qi_Qiao_CX5Q_Right1,,,,,,20014010,五桥正确图纸,,,,五桥正确图纸,,,,,
2001401002,五桥实际图片,Qi_Qiao_CX5Q_Right2,,,,,,20014010,五桥实际图片,,,,五桥实际图片,,,,,
2001401201,六桥正确图纸,Qi_Qiao_CX6Q_Right1,,,,,,20014012,六桥正确图纸,,,,六桥正确图纸,,,,,
2001401202,六桥实际图片,Qi_Qiao_CX6Q_Right2,,,,,,20014012,六桥实际图片,,,,六桥实际图片,,,,,
2001401901,七桥通过盖章1,Qi_Qiao_TGGZ_1,,,,,,20014019,通过盖章1,,,,通过盖章1,,,,,
2001401902,七桥通过盖章2,Qi_Qiao_TGGZ_2,,,,,,20014019,通过盖章2,,,,通过盖章2,,,,,
2001401903,七桥通过盖章3,Qi_Qiao_TGGZ_3,,,,,,20014019,通过盖章3,,,,通过盖章3,,,,,
2001401904,七桥通过盖章4,Qi_Qiao_TGGZ_4,,,,,,20014019,通过盖章4,,,,通过盖章4,,,,,
2001401905,七桥通过盖章5,Qi_Qiao_TGGZ_5,,,,,,20014019,通过盖章5,,,,通过盖章5,,,,,
2001500101,抽象线-下方黑,CXline01,,,,,,20015001,黑色,,,,黑色,,,,,
2001500102,抽象线-下方白,CXline07,,,,,,20015001,白色,,,,白色,,,,,
2001500201,抽象线-左上黑,CXline02,,,,,,20015002,黑色,,,,黑色,,,,,
2001500202,抽象线-左上白,CXline08,,,,,,20015002,白色,,,,白色,,,,,
2001500301,抽象线-右上黑,CXline03,,,,,,20015003,黑色,,,,黑色,,,,,
2001500302,抽象线-右上白,CXline09,,,,,,20015003,白色,,,,白色,,,,,
2001500401,抽象线-十字黑,CXline04,,,,,,20015004,黑色,,,,黑色,,,,,
2001500402,抽象线-十字白,CXline10,,,,,,20015004,白色,,,,白色,,,,,
2001500501,抽象线-右方黑,CXline05,,,,,,20015005,黑色,,,,黑色,,,,,
2001500502,抽象线-右方白,CXline11,,,,,,20015005,白色,,,,白色,,,,,
2001500601,抽象线-上方黑,CXline06,,,,,,20015006,黑色,,,,黑色,,,,,
2001500602,抽象线-上方白,CXline12,,,,,,20015006,白色,,,,白色,,,,,
2001500701,抽象点黑,CXbt01,,,,,,20015007,黑色,,,,黑色,,,,,
2001500702,抽象点红,CXbt02,,,,,,20015007,红色,,,,红色,,,,,
2001500703,抽象点灰,CXbt03,,,,,,20015007,灰色,,,,灰色,,,,,
2001501201,抽象线-横向-黑,CXline13,,,,,,20015012,黑色,,,,黑色,,,,,
2001501202,抽象线-横向-白,CXline14,,,,,,20015012,白色,,,,白色,,,,,
2001501301,抽象线-纵向-黑,CXline15,,,,,,20015013,黑色,,,,黑色,,,,,
2001501302,抽象线-纵向-白,CXline16,,,,,,20015013,白色,,,,白色,,,,,
2001501401,重置按钮左-起,CZbt_01,,,,,,20015014,弹起,,,,弹起,,,,,
2001501402,重置按钮左-下,CZbt_02,,,,,,20015014,按下,,,,按下,,,,,
2001501501,重置按钮右-起,CZbt_03,,,,,,20015015,弹起,,,,弹起,,,,,
2001501502,重置按钮右-下,CZbt_04,,,,,,20015015,按下,,,,按下,,,,,
2001501601,确认按钮左-起,QRbt_01,,,,,,20015016,弹起,,,,弹起,,,,,
2001501602,确认按钮左-下,QRbt_02,,,,,,20015016,按下,,,,按下,,,,,
2001501701,确认按钮右-起,QRbt_03,,,,,,20015017,弹起,,,,弹起,,,,,
2001501702,确认按钮右-下,QRbt_04,,,,,,20015017,按下,,,,按下,,,,,
2001501801,抽象点-黑,CXbt04,,,,,,20015018,黑色,,,,黑色,,,,,
2001501802,抽象点-红,CXbt05,,,,,,20015018,红色,,,,红色,,,,,
2001502001,抽象线-横半黑,CXline17,,,,,,20015020,黑色,,,,黑色,,,,,
2001502002,抽象线-横半白,CXline18,,,,,,20015020,白色,,,,白色,,,,,
2001701101,溶酶体小整体,xbao_1_1_11_0,,,,,,20017011,整体,,,,整体,,,,,
2001701102,溶酶体小剖面,xbao_1_1_11_1,,,,,,20017011,剖面,,,,剖面,,,,,
2001701201,溶酶体中整体,xbao_1_1_12_0,,,,,,20017012,整体,,,,整体,,,,,
2001701202,溶酶体中剖面,xbao_1_1_12_1,,,,,,20017012,剖面,,,,剖面,,,,,
2001701301,溶酶体大整体,xbao_1_1_13_0,,,,,,20017013,整体,,,,整体,,,,,
2001701302,溶酶体大剖面,xbao_1_1_13_1,,,,,,20017013,剖面,,,,剖面,,,,,
2001702201,线粒体1整体,xbao_3_2_1_0,,,,,,20017022,整体,,,,整体,,,,,
2001702202,线粒体1剖面,xbao_3_2_1_1,,,,,,20017022,剖面,,,,剖面,,,,,
2001702301,线粒体2整体,xbao_3_2_2_0,,,,,,20017023,整体,,,,整体,,,,,
2001702302,线粒体2剖面,xbao_3_2_2_1,,,,,,20017023,剖面,,,,剖面,,,,,
2001702401,叶绿体1整体,xbao_3_2_3_0,,,,,,20017024,整体,,,,整体,,,,,
2001702402,叶绿体1剖面,xbao_3_2_3_1,,,,,,20017024,剖面,,,,剖面,,,,,
2001702501,叶绿体2整体,xbao_3_2_4_0,,,,,,20017025,整体,,,,整体,,,,,
2001702502,叶绿体2剖面,xbao_3_2_4_1,,,,,,20017025,剖面,,,,剖面,,,,,
2002203401,闪灯型号1关,zaxiang_1_1_34_0,,,,,,20022034,关灯,,,,关灯,,,,,
2002203402,闪灯型号2开,zaxiang_1_1_34_1,,,,,,20022034,开灯,,,,开灯,,,,,
2002203601,红绿灯熄灭,honglvdeng02_1X1,,,,,,20022036,红绿灯熄灭,,,,红绿灯熄灭,,,,,
2002203602,红绿灯绿灯,honglvdeng03_1X1,,,,,,20022036,红绿灯绿灯,,,,红绿灯绿灯,,,,,
2002203603,红绿灯黄灯,honglvdeng04_1X1,,,,,,20022036,红绿灯黄灯,,,,红绿灯黄灯,,,,,
2002203604,红绿灯红灯,honglvdeng05_1X1,,,,,,20022036,红绿灯红灯,,,,红绿灯红灯,,,,,
2005003601,木材堆1,jmdk_1_1_45,,,,,,20050036,木材堆,,,,木材堆1根,,,,,jmdk_1_1_45
2005003602,木材堆2,jmdk_1_1_46,,,,,,20050036,木材堆,,,,木材堆2根,,,,,jmdk_1_1_46
2005003603,木材堆3,jmdk_1_1_47,,,,,,20050036,木材堆,,,,木材堆3根,,,,,jmdk_1_1_47
2005003604,木材堆4,jmdk_1_1_48,,,,,,20050036,木材堆,,,,木材堆4根,,,,,jmdk_1_1_48
2005003605,木材堆5,jmdk_1_1_49,,,,,,20050036,木材堆,,,,木材堆5根,,,,,jmdk_1_1_49
2005003606,木材堆6,jmdk_1_1_50,,,,,,20050036,木材堆,,,,木材堆6根,,,,,jmdk_1_1_50
2005003607,木材堆7,jmdk_1_1_51,,,,,,20050036,木材堆,,,,木材堆7根,,,,,jmdk_1_1_51
2005006001,萝卜田告示牌,jmdk_1_1_75,,,,,,20050060,萝卜田告示牌,,,,萝卜田告示牌,,,,,jmdk_1_1_75
2005006002,jayce1号田牌,jmdk_1_1_75_01,,,,,,20050060,jayce1号田牌,,,,jayce1号田牌,,,,,jmdk_1_1_75_01
2005006003,jayce2号田牌,jmdk_1_1_75_02,,,,,,20050060,jayce2号田牌,,,,jayce2号田牌,,,,,jmdk_1_1_75_02
2005006004,jena1号田牌,jmdk_1_1_75_03,,,,,,20050060,jena1号田牌,,,,jena1号田牌,,,,,jmdk_1_1_75_03
2005006005,jena2号田牌,jmdk_1_1_75_04,,,,,,20050060,jena2号田牌,,,,jena2号田牌,,,,,jmdk_1_1_75_04
2005006201,鲸幂数字牌10,jmdk_1_1_77,,,,,,20050062,鲸幂数字牌10,,,,鲸幂数字牌10,,,,,jmdk_1_1_77
2005006202,鲸幂数字牌9,jmdk_1_1_78,,,,,,20050062,鲸幂数字牌9,,,,鲸幂数字牌9,,,,,jmdk_1_1_78
2005006203,鲸幂数字牌8,jmdk_1_1_79,,,,,,20050062,鲸幂数字牌8,,,,鲸幂数字牌8,,,,,jmdk_1_1_79
2005006204,鲸幂数字牌7,jmdk_1_1_80,,,,,,20050062,鲸幂数字牌7,,,,鲸幂数字牌7,,,,,jmdk_1_1_80
2005006205,鲸幂数字牌6,jmdk_1_1_81,,,,,,20050062,鲸幂数字牌6,,,,鲸幂数字牌6,,,,,jmdk_1_1_81
2005006206,鲸幂数字牌5,jmdk_1_1_82,,,,,,20050062,鲸幂数字牌5,,,,鲸幂数字牌5,,,,,jmdk_1_1_82
2005006207,鲸幂数字牌4,jmdk_1_1_83,,,,,,20050062,鲸幂数字牌4,,,,鲸幂数字牌4,,,,,jmdk_1_1_83
2005006208,鲸幂数字牌3,jmdk_1_1_84,,,,,,20050062,鲸幂数字牌3,,,,鲸幂数字牌3,,,,,jmdk_1_1_84
2005006209,鲸幂数字牌2,jmdk_1_1_85,,,,,,20050062,鲸幂数字牌2,,,,鲸幂数字牌2,,,,,jmdk_1_1_85
2005006210,鲸幂数字牌1,jmdk_1_1_86,,,,,,20050062,鲸幂数字牌1,,,,鲸幂数字牌1,,,,,jmdk_1_1_86
2005006211,鲸幂数字牌0,jmdk_1_1_87,,,,,,20050062,鲸幂数字牌0,,,,鲸幂数字牌0,,,,,jmdk_1_1_87
2005006901,1个西红柿,,,,,,,20050069,1个西红柿,,,,1个西红柿,,,,,jmdk_2_2_12
2005006902,2个西红柿,,,,,,,20050069,2个西红柿,,,,2个西红柿,,,,,jmdk_2_2_13
2005006903,3个西红柿,,,,,,,20050069,3个西红柿,,,,3个西红柿,,,,,jmdk_2_2_14
2005006904,4个西红柿,,,,,,,20050069,4个西红柿,,,,4个西红柿,,,,,jmdk_2_2_15
2005006905,5个西红柿,,,,,,,20050069,5个西红柿,,,,5个西红柿,,,,,jmdk_2_2_16
2005006906,6个西红柿,,,,,,,20050069,6个西红柿,,,,6个西红柿,,,,,jmdk_2_2_17
2005006907,7个西红柿,,,,,,,20050069,7个西红柿,,,,7个西红柿,,,,,jmdk_2_2_18
2005006908,8个西红柿,,,,,,,20050069,8个西红柿,,,,8个西红柿,,,,,jmdk_2_2_19
2005006909,9个西红柿,,,,,,,20050069,9个西红柿,,,,9个西红柿,,,,,jmdk_2_2_20
2005006910,10个西红柿,,,,,,,20050069,10个西红柿,,,,10个西红柿,,,,,jmdk_2_2_35
2005007001,1个萝卜,,,,,,,20050070,1个萝卜,,,,1个萝卜,,,,,jmdk_2_2_21
2005007002,2个萝卜,,,,,,,20050070,2个萝卜,,,,2个萝卜,,,,,jmdk_2_2_22
2005007003,3个萝卜,,,,,,,20050070,3个萝卜,,,,3个萝卜,,,,,jmdk_2_2_23
2005007004,4个萝卜,,,,,,,20050070,4个萝卜,,,,4个萝卜,,,,,jmdk_2_2_24
2005007005,5个萝卜,,,,,,,20050070,5个萝卜,,,,5个萝卜,,,,,jmdk_2_2_25
2005007006,6个萝卜,,,,,,,20050070,6个萝卜,,,,6个萝卜,,,,,jmdk_2_2_26
2005007007,7个萝卜,,,,,,,20050070,7个萝卜,,,,7个萝卜,,,,,jmdk_2_2_27
2005007008,8个萝卜,,,,,,,20050070,8个萝卜,,,,8个萝卜,,,,,jmdk_2_2_28
2005007009,9个萝卜,,,,,,,20050070,9个萝卜,,,,9个萝卜,,,,,jmdk_2_2_29
2005007010,10个萝卜,,,,,,,20050070,10个萝卜,,,,10个萝卜,,,,,jmdk_2_2_36
2005007301,3斤空油桶,,,,,,,20050073,3斤空油桶,,,,3斤空油桶,,,,,jmdk_1_1_89
2005007302,3斤满油桶,,,,,,,20050073,3斤满油桶,,,,3斤满油桶,,,,,jmdk_1_1_88
2005007401,5斤空油桶,,,,,,,20050074,5斤空油桶,,,,5斤空油桶,,,,,jmdk_1_1_91
2005007402,5斤满油桶,,,,,,,20050074,5斤满油桶,,,,5斤满油桶,,,,,jmdk_1_1_90
2005007501,6斤空油桶,,,,,,,20050075,6斤空油桶,,,,6斤空油桶,,,,,jmdk_1_1_93
2005007502,6斤满油桶,,,,,,,20050075,6斤满油桶,,,,6斤满油桶,,,,,jmdk_1_1_92
2005007601,7斤空油桶,,,,,,,20050076,7斤空油桶,,,,7斤空油桶,,,,,jmdk_1_1_95
2005007602,7斤满油桶,,,,,,,20050076,7斤满油桶,,,,7斤满油桶,,,,,jmdk_1_1_94
2005007701,15斤空油桶,,,,,,,20050077,15斤空油桶,,,,15斤空油桶,,,,,jmdk_1_1_97
2005007702,15斤满油桶,,,,,,,20050077,15斤满油桶,,,,15斤满油桶,,,,,jmdk_1_1_96
2005008101,数字圆圈空,,,,,,,20050081,数字圆圈空,,,,数字圆圈空,,,,,jmdk_1_1_101
2005008102,数字圆圈1,,,,,,,20050081,数字圆圈1,,,,数字圆圈1,,,,,jmdk_1_1_102
2005008103,数字圆圈4,,,,,,,20050081,数字圆圈4,,,,数字圆圈4,,,,,jmdk_1_1_103
2005008104,数字圆圈6,,,,,,,20050081,数字圆圈6,,,,数字圆圈6,,,,,jmdk_1_1_104
2005008105,数字圆圈7,,,,,,,20050081,数字圆圈7,,,,数字圆圈7,,,,,jmdk_1_1_105
2005009701,古城书店,,,,,,,20050097,古城书店,,,,古城书店,,,,,jmdk_4_2_07
2005009702,古城书店着火1,,,,,,,20050097,古城书店着火1,,,,古城书店着火1,,,,,jmdk_4_2_07_01
2005009703,古城书店着火2,,,,,,,20050097,古城书店着火2,,,,古城书店着火2,,,,,jmdk_4_2_07_02
2005009704,古城书店着火3,,,,,,,20050097,古城书店着火3,,,,古城书店着火3,,,,,jmdk_4_2_07_03
2005009705,古城书店烧毁,,,,,,,20050097,古城书店烧毁,,,,古城书店烧毁,,,,,jmdk_4_2_07_04
2005011401,密室宝箱红,,,,,,,20050114,密室宝箱红,,,,密室宝箱红,,,,,JMG5L1_1_1_20
2005011402,密室宝箱红半开,,,,,,,20050114,密室宝箱红半开,,,,密室宝箱红半开,,,,,JMG5L1_1_1_19
2005011403,密室宝箱红打开,,,,,,,20050114,密室宝箱红打开,,,,密室宝箱红打开,,,,,JMG5L1_1_1_18
2005011501,密室宝箱蓝,,,,,,,20050115,密室宝箱蓝,,,,密室宝箱蓝,,,,,JMG5L1_1_1_23
2005011502,密室宝箱蓝半开,,,,,,,20050115,密室宝箱蓝半开,,,,密室宝箱蓝半开,,,,,JMG5L1_1_1_22
2005011503,密室宝箱红打开,,,,,,,20050115,密室宝箱红打开,,,,密室宝箱红打开,,,,,JMG5L1_1_1_21
2005012101,密室宝剑,,,,,,,20050121,密室宝剑,,,,密室宝剑,,,,,JMG5L1_1_1_30
2005012102,密室宝剑发光,,,,,,,20050121,密室宝剑发光,,,,密室宝剑发光,,,,,JMG5L1_1_1_31
2005012201,密室卷轴,,,,,,,20050122,密室卷轴,,,,密室卷轴,,,,,JMG5L1_1_1_32
2005012202,密室卷轴收起,,,,,,,20050122,密室卷轴收起,,,,密室卷轴收起,,,,,JMG5L1_1_1_33
2005013001,带窗小木屋,,,,,,,20050130,带窗小木屋,,,,带窗小木屋,,,,,JMG5L1_4_2_02
2005013002,带窗小木屋有人,,,,,,,20050130,带窗小木屋有人,,,,带窗小木屋有人,,,,,JMG5L1_4_2_03
2005013101,圆形土地未选中,,,,,,,20050131,圆形土地未选中,,,,圆形土地未选中,,,,,JMG2L2_2_2_01
2005013102,圆形土地选中,,,,,,,20050131,圆形土地选中,,,,圆形土地选中,,,,,JMG2L2_2_2_02
2005013901,9个苹果,,,,,,,20050139,9个苹果,,,,9个苹果,,,,,JMG3L2_2_2_05
2005013902,7个苹果,,,,,,,20050139,7个苹果,,,,7个苹果,,,,,JMG3L2_2_2_04
2005013903,6个苹果,,,,,,,20050139,6个苹果,,,,6个苹果,,,,,JMG3L2_2_2_03
2005015001,小吃摊满,,,,,,,20050150,小吃摊满,,,,小吃摊满,,,,,JMG5L2_3_2_01
2005015002,小吃摊空,,,,,,,20050150,小吃摊空,,,,小吃摊空,,,,,JMG5L2_3_2_02
2005015201,宝石宝箱关,,,,,,,20050152,宝石宝箱关,,,,宝石宝箱关,,,,,JMG2L3_1_1_01
2005015202,宝石宝箱开,,,,,,,20050152,宝石宝箱开,,,,宝石宝箱开,,,,,JMG2L3_1_1_02
2005015301,火焰喷出,,,,,,,20050153,火焰喷出,,,,火焰喷出1,,,,,JMG2L3_1_1_03
2005015302,火焰喷出,,,,,,,20050153,火焰喷出,,,,火焰喷出2,,,,,JMG2L3_1_1_04
2005015303,火焰喷出,,,,,,,20050153,火焰喷出,,,,火焰喷出3,,,,,JMG2L3_1_1_05
2005015304,火焰喷出,,,,,,,20050153,火焰喷出,,,,火焰喷出4,,,,,JMG2L3_1_1_06
2005015305,火焰持续,,,,,,,20050153,火焰持续,,,,火焰持续1,,,,,JMG2L3_1_1_07
2005015306,火焰持续,,,,,,,20050153,火焰持续,,,,火焰持续2,,,,,JMG2L3_1_1_08
2005015307,火焰持续,,,,,,,20050153,火焰持续,,,,火焰持续3,,,,,JMG2L3_1_1_09
2005015308,火焰持续,,,,,,,20050153,火焰持续,,,,火焰持续4,,,,,JMG2L3_1_1_10
2005015309,火焰消失,,,,,,,20050153,火焰消失,,,,火焰消失1,,,,,JMG2L3_1_1_11
2005015310,火焰消失,,,,,,,20050153,火焰消失,,,,火焰消失2,,,,,JMG2L3_1_1_12
2005015311,火焰消失,,,,,,,20050153,火焰消失,,,,火焰消失3,,,,,JMG2L3_1_1_13
2005015312,火焰消失,,,,,,,20050153,火焰消失,,,,火焰消失4,,,,,JMG2L3_1_1_14
2005015313,火焰消失,,,,,,,20050153,火焰消失,,,,火焰消失5,,,,,JMG2L3_1_1_15
2005018901,巨石机关无,,,,,,,20050189,巨石机关无,,,,巨石机关无,,,,,JMG3L3_5_1_01
2005018902,巨石机关三角,,,,,,,20050189,巨石机关三角,,,,巨石机关三角,,,,,JMG3L3_5_1_02
2005018903,巨石机关圆形,,,,,,,20050189,巨石机关圆形,,,,巨石机关圆形,,,,,JMG3L3_5_1_03
2005029001,宝石,,,,,,,20050290,宝石,,,,宝石1,,,,,JMG3L5_1_1_02
2005029002,宝石,,,,,,,20050290,宝石,,,,宝石2,,,,,JMG3L5_1_1_03
2005029003,宝石,,,,,,,20050290,宝石,,,,宝石3,,,,,JMG3L5_1_1_04
2005029004,宝石,,,,,,,20050290,宝石,,,,宝石4,,,,,JMG3L5_1_1_05
2005029005,宝石,,,,,,,20050290,宝石,,,,宝石5,,,,,JMG3L5_1_1_06
2005029006,宝石,,,,,,,20050290,宝石,,,,宝石6,,,,,JMG3L5_1_1_07
2005029007,宝石,,,,,,,20050290,宝石,,,,宝石7,,,,,JMG3L5_1_1_08
2005030801,宝箱关闭,,,,,,,20050308,宝箱,,,,宝箱1,,,,,JMG5L5_1_1_07
2005030802,宝箱开启,,,,,,,20050308,宝箱,,,,宝箱2,,,,,JMG5L5_1_1_10
2005033501,数字右0,,,,,,,20050335,数字右0,,,,数字右0,,,,,JMG2L5_1_1_22
2005033502,数字右1,,,,,,,20050335,数字右1,,,,数字右1,,,,,JMG2L5_1_1_25
2005033503,数字右2,,,,,,,20050335,数字右2,,,,数字右2,,,,,JMG2L5_1_1_28
2005033504,数字右3,,,,,,,20050335,数字右3,,,,数字右3,,,,,JMG2L5_1_1_31
2005033505,数字右4,,,,,,,20050335,数字右4,,,,数字右4,,,,,JMG2L5_1_1_34
2005033506,数字右5,,,,,,,20050335,数字右5,,,,数字右5,,,,,JMG2L5_1_1_37
2005033507,数字右6,,,,,,,20050335,数字右6,,,,数字右6,,,,,JMG2L5_1_1_40
2005033508,数字右7,,,,,,,20050335,数字右7,,,,数字右7,,,,,JMG2L5_1_1_43
2005033509,数字右8,,,,,,,20050335,数字右8,,,,数字右8,,,,,JMG2L5_1_1_46
2005033510,数字右9,,,,,,,20050335,数字右9,,,,数字右9,,,,,JMG2L5_1_1_49
2005033601,数字左0,,,,,,,20050336,数字左0,,,,数字左0,,,,,JMG2L5_1_1_23
2005033602,数字左1,,,,,,,20050336,数字左1,,,,数字左1,,,,,JMG2L5_1_1_26
2005033603,数字左2,,,,,,,20050336,数字左2,,,,数字左2,,,,,JMG2L5_1_1_29
2005033604,数字左3,,,,,,,20050336,数字左3,,,,数字左3,,,,,JMG2L5_1_1_32
2005033605,数字左4,,,,,,,20050336,数字左4,,,,数字左4,,,,,JMG2L5_1_1_35
2005033606,数字左5,,,,,,,20050336,数字左5,,,,数字左5,,,,,JMG2L5_1_1_38
2005033607,数字左6,,,,,,,20050336,数字左6,,,,数字左6,,,,,JMG2L5_1_1_41
2005033608,数字左7,,,,,,,20050336,数字左7,,,,数字左7,,,,,JMG2L5_1_1_44
2005033609,数字左8,,,,,,,20050336,数字左8,,,,数字左8,,,,,JMG2L5_1_1_47
2005033610,数字左9,,,,,,,20050336,数字左9,,,,数字左9,,,,,JMG2L5_1_1_50
2005033701,数字中0,,,,,,,20050337,数字中0,,,,数字中0,,,,,JMG2L5_1_1_24
2005033702,数字中1,,,,,,,20050337,数字中1,,,,数字中1,,,,,JMG2L5_1_1_27
2005033703,数字中2,,,,,,,20050337,数字中2,,,,数字中2,,,,,JMG2L5_1_1_30
2005033704,数字中3,,,,,,,20050337,数字中3,,,,数字中3,,,,,JMG2L5_1_1_33
2005033705,数字中4,,,,,,,20050337,数字中4,,,,数字中4,,,,,JMG2L5_1_1_36
2005033706,数字中5,,,,,,,20050337,数字中5,,,,数字中5,,,,,JMG2L5_1_1_39
2005033707,数字中6,,,,,,,20050337,数字中6,,,,数字中6,,,,,JMG2L5_1_1_42
2005033708,数字中7,,,,,,,20050337,数字中7,,,,数字中7,,,,,JMG2L5_1_1_45
2005033709,数字中8,,,,,,,20050337,数字中8,,,,数字中8,,,,,JMG2L5_1_1_48
2005033710,数字中9,,,,,,,20050337,数字中9,,,,数字中9,,,,,JMG2L5_1_1_51
2005049901,投石器1,,,,,,,20050499,投石器1,,,,投石器1,,,,,JMG5L36_4_1_01_01
2005049902,投石器2,,,,,,,20050499,投石器2,,,,投石器2,,,,,JMG5L36_4_1_01_02
2005049903,投石器3,,,,,,,20050499,投石器3,,,,投石器3,,,,,JMG5L36_4_1_01_03
2005049904,投石器4,,,,,,,20050499,投石器4,,,,投石器4,,,,,JMG5L36_4_1_01_04
2005049905,投石器5,,,,,,,20050499,投石器5,,,,投石器5,,,,,JMG5L36_4_1_01_05
2005052001,点数卡牌0,,,,,,,20050520,点数卡牌0,,,,点数卡牌0,,,,,JMG2L37_2_1_10
2005052002,点数卡牌1,,,,,,,20050520,点数卡牌1,,,,点数卡牌1,,,,,JMG2L37_2_1_01
2005052003,点数卡牌2,,,,,,,20050520,点数卡牌2,,,,点数卡牌2,,,,,JMG2L37_2_1_02
2005052004,点数卡牌3,,,,,,,20050520,点数卡牌3,,,,点数卡牌3,,,,,JMG2L37_2_1_03
2005052005,点数卡牌4,,,,,,,20050520,点数卡牌4,,,,点数卡牌4,,,,,JMG2L37_2_1_04
2005052006,点数卡牌5,,,,,,,20050520,点数卡牌5,,,,点数卡牌5,,,,,JMG2L37_2_1_05
2005052007,点数卡牌6,,,,,,,20050520,点数卡牌6,,,,点数卡牌6,,,,,JMG2L37_2_1_06
2005052008,点数卡牌7,,,,,,,20050520,点数卡牌7,,,,点数卡牌7,,,,,JMG2L37_2_1_07
2005052009,点数卡牌8,,,,,,,20050520,点数卡牌8,,,,点数卡牌8,,,,,JMG2L37_2_1_08
2005052010,点数卡牌9,,,,,,,20050520,点数卡牌9,,,,点数卡牌9,,,,,JMG2L37_2_1_09
2005052401,缺字时钟,,,,,,,20050524,缺字时钟,,,,缺字时钟,,,,,JMG3L37_2_2_01
2005052402,无点数,,,,,,,20050524,无点数,,,,无点数,,,,,JMG3L37_2_2_02
2005052403,七点时钟,,,,,,,20050524,七点时钟,,,,七点时钟,,,,,JMG3L37_2_2_03
2005052404,十点时钟,,,,,,,20050524,十点时钟,,,,十点时钟,,,,,JMG3L37_2_2_04
2005052405,九点时钟,,,,,,,20050524,九点时钟,,,,九点时钟,,,,,JMG3L37_2_2_05
2005052406,四点半时钟,,,,,,,20050524,四点半时钟,,,,四点半时钟,,,,,JMG3L37_2_2_07
2005052407,八点半时钟,,,,,,,20050524,八点半时钟,,,,八点半时钟,,,,,JMG3L37_2_2_08
2005036901,木屋柜子,,,,,,,20050369,木屋柜子,,,,木屋柜子,,,,,JMG5L5_1_1_12
2005036902,木屋柜子2,,,,,,,20050369,木屋柜子2,,,,木屋柜子2,,,,,JMG4L27_1_2_01
2005054901,火柴数字0,,,,,,,20050549,火柴数字0,,,,火柴数字0,,,,,JMG4L27_1_1_01
2005054902,火柴数字1,,,,,,,20050549,火柴数字1,,,,火柴数字1,,,,,JMG4L27_1_1_02
2005054903,火柴数字2,,,,,,,20050549,火柴数字2,,,,火柴数字2,,,,,JMG4L27_1_1_03
2005054904,火柴数字3,,,,,,,20050549,火柴数字3,,,,火柴数字3,,,,,JMG4L27_1_1_04
2005054905,火柴数字4,,,,,,,20050549,火柴数字4,,,,火柴数字4,,,,,JMG4L27_1_1_05
2005054906,火柴数字5,,,,,,,20050549,火柴数字5,,,,火柴数字5,,,,,JMG4L27_1_1_06
2005054907,火柴数字6,,,,,,,20050549,火柴数字6,,,,火柴数字6,,,,,JMG4L27_1_1_07
2005054908,火柴数字7,,,,,,,20050549,火柴数字7,,,,火柴数字7,,,,,JMG4L27_1_1_08
2005054909,火柴数字8,,,,,,,20050549,火柴数字8,,,,火柴数字8,,,,,JMG4L27_1_1_09
2005054910,火柴数字9,,,,,,,20050549,火柴数字9,,,,火柴数字9,,,,,JMG4L27_1_1_10
2005055001,砖块数字0,,,,,,,20050550,砖块数字0,,,,砖块数字0,,,,,JMG4L27_1_1_16
2005055002,砖块数字1,,,,,,,20050550,砖块数字1,,,,砖块数字1,,,,,JMG4L27_1_1_17
2005055003,砖块数字2,,,,,,,20050550,砖块数字2,,,,砖块数字2,,,,,JMG4L27_1_1_18
2005055004,砖块数字3,,,,,,,20050550,砖块数字3,,,,砖块数字3,,,,,JMG4L27_1_1_19
2005055005,砖块数字4,,,,,,,20050550,砖块数字4,,,,砖块数字4,,,,,JMG4L27_1_1_20
2005055006,砖块数字5,,,,,,,20050550,砖块数字5,,,,砖块数字5,,,,,JMG4L27_1_1_21
2005055007,砖块数字6,,,,,,,20050550,砖块数字6,,,,砖块数字6,,,,,JMG4L27_1_1_22
2005055008,砖块数字7,,,,,,,20050550,砖块数字7,,,,砖块数字7,,,,,JMG4L27_1_1_23
2005055009,砖块数字8,,,,,,,20050550,砖块数字8,,,,砖块数字8,,,,,JMG4L27_1_1_24
2005055010,砖块数字9,,,,,,,20050550,砖块数字9,,,,砖块数字9,,,,,JMG4L27_1_1_25
2005055101,燃火柴数字,,,,,,,20050551,燃火柴数字0,,,,燃火柴数字0,,,,,JMG4L27_1_1_29
2005055102,燃火柴数字,,,,,,,20050551,燃火柴数字1,,,,燃火柴数字1,,,,,JMG4L27_1_1_30
2005055103,燃火柴数字,,,,,,,20050551,燃火柴数字2,,,,燃火柴数字2,,,,,JMG4L27_1_1_31
2005055104,燃火柴数字,,,,,,,20050551,燃火柴数字3,,,,燃火柴数字3,,,,,JMG4L27_1_1_32
2005055105,燃火柴数字,,,,,,,20050551,燃火柴数字4,,,,燃火柴数字4,,,,,JMG4L27_1_1_33
2005055106,燃火柴数字,,,,,,,20050551,燃火柴数字5,,,,燃火柴数字5,,,,,JMG4L27_1_1_34
2005055107,燃火柴数字,,,,,,,20050551,燃火柴数字6,,,,燃火柴数字6,,,,,JMG4L27_1_1_35
2005055108,燃火柴数字,,,,,,,20050551,燃火柴数字7,,,,燃火柴数字7,,,,,JMG4L27_1_1_36
2005055109,燃火柴数字,,,,,,,20050551,燃火柴数字8,,,,燃火柴数字8,,,,,JMG4L27_1_1_37
2005055110,燃火柴数字,,,,,,,20050551,燃火柴数字9,,,,燃火柴数字9,,,,,JMG4L27_1_1_38
2005055201,五加七,,,,,,,20050552,五加七,,,,五加七1,,,,,JMG4L27_2_1_01_01
2005055202,五加七,,,,,,,20050552,五加七,,,,五加七2,,,,,JMG4L27_2_1_01_02
2005055203,五加七,,,,,,,20050552,五加七,,,,五加七3,,,,,JMG4L27_2_1_01_03
2005055204,五加七,,,,,,,20050552,五加七,,,,五加七4,,,,,JMG4L27_2_1_01_04
2005055205,五加七,,,,,,,20050552,五加七,,,,五加七5,,,,,JMG4L27_2_1_01_05
2005055206,五加七,,,,,,,20050552,五加七,,,,五加七6,,,,,JMG4L27_2_1_01_06
2005055207,五加七,,,,,,,20050552,五加七,,,,五加七7,,,,,JMG4L27_2_1_01_07
2005055208,五加七,,,,,,,20050552,五加七,,,,五加七8,,,,,JMG4L27_2_1_02
2005055301,十三减九,,,,,,,20050553,十三减九,,,,十三减九1,,,,,JMG4L27_2_1_02_01
2005055302,十三减九,,,,,,,20050553,十三减九,,,,十三减九2,,,,,JMG4L27_2_1_02_02
2005055303,十三减九,,,,,,,20050553,十三减九,,,,十三减九3,,,,,JMG4L27_2_1_02_03
2005055304,十三减九,,,,,,,20050553,十三减九,,,,十三减九4,,,,,JMG4L27_2_1_02_04
2005055305,十三减九,,,,,,,20050553,十三减九,,,,十三减九5,,,,,JMG4L27_2_1_02_05
2005055401,圆圈数字,,,,,,,20050554,圆圈数字,,,,圆圈数字1,,,,,JMG4L27_2_2_01
2005055402,圆圈数字,,,,,,,20050554,圆圈数字,,,,圆圈数字2,,,,,JMG4L27_2_2_02
2005055403,圆圈数字,,,,,,,20050554,圆圈数字,,,,圆圈数字3,,,,,JMG4L27_2_2_03
2005055404,圆圈数字,,,,,,,20050554,圆圈数字,,,,圆圈数字4,,,,,JMG4L27_2_2_04
2005055405,圆圈数字,,,,,,,20050554,圆圈数字,,,,圆圈数字5,,,,,JMG4L27_2_2_05
2005055406,圆圈数字,,,,,,,20050554,圆圈数字,,,,圆圈数字6,,,,,JMG4L27_2_2_06
2005055701,砖块,,,,,,,20050557,砖块1,,,,砖块1,,,,,JMG4L27_1_1_42
2005055702,砖块,,,,,,,20050557,砖块2,,,,砖块2,,,,,JMG4L27_1_1_43
2005055901,骨头,,,,,,,20050559,骨头1,,,,骨头1,,,,,JMG4L27_1_1_40
2005055902,骨头,,,,,,,20050559,骨头2,,,,骨头2,,,,,JMG4L27_1_1_41
2008002101,火堆,,,,,,,20080021,火堆,,,,火堆1,,,,,SCL1_1_1_02_01
2008002102,火堆,,,,,,,20080021,火堆,,,,火堆2,,,,,SCL1_1_1_02_02
2008002103,火堆,,,,,,,20080021,火堆,,,,火堆3,,,,,SCL1_1_1_02_03
2008002104,火堆,,,,,,,20080021,火堆,,,,火堆4,,,,,SCL1_1_1_02_04
2008002105,火堆,,,,,,,20080021,火堆,,,,火堆5,,,,,SCL1_1_1_02_05
2008002106,火堆,,,,,,,20080021,火堆,,,,火堆6,,,,,SCL1_1_1_02_06
2008002107,火堆,,,,,,,20080021,火堆,,,,火堆7,,,,,SCL1_1_1_02_07
2008002108,火堆,,,,,,,20080021,火堆,,,,火堆8,,,,,SCL1_1_1_02_08
2008002109,火堆,,,,,,,20080021,火堆,,,,火堆9,,,,,SCL1_1_1_02_09
2008002110,火堆,,,,,,,20080021,火堆,,,,火堆10,,,,,SCL1_1_1_02_10
2008002111,火堆,,,,,,,20080021,火堆,,,,火堆11,,,,,SCL1_1_1_02_11
2008002112,火堆,,,,,,,20080021,火堆,,,,火堆12,,,,,SCL1_1_1_02_12
2008002201,矩形方块绿,,,,,,,20080022,矩形方块绿,,,,矩形方块绿,,,,,SCL1_1_1_03
2008002202,矩形方块红,,,,,,,20080022,矩形方块红,,,,矩形方块红,,,,,SCL1_1_1_04
2005056301,花笔画,,,,,,,20050563,花笔画1,,,,花笔画1,,,,,JMG4L27_1_1_44
2005056302,花笔画,,,,,,,20050563,花笔画2,,,,花笔画2,,,,,JMG4L27_1_1_45
2007003301,开关,,,,,,,20070033,开关1,,,,开关1,,,,,JRL1_1_1_12_01
2007003302,开关,,,,,,,20070033,开关2,,,,开关2,,,,,JRL1_1_1_12_02
2007003303,开关,,,,,,,20070033,开关3,,,,开关3,,,,,JRL1_1_1_13_01
2007003304,开关,,,,,,,20070033,开关4,,,,开关4,,,,,JRL1_1_1_13_02
2007003305,开关,,,,,,,20070033,开关5,,,,开关5,,,,,JRL1_1_1_14_01
2007003306,开关,,,,,,,20070033,开关6,,,,开关6,,,,,JRL1_1_1_14_02
2007003401,火焰1,,,,,,,20070034,火焰,,,,火焰1,,,,,JRL1_1_1_15_01
2007003402,火焰2,,,,,,,20070034,火焰,,,,火焰2,,,,,JRL1_1_1_15_02
2007003403,火焰3,,,,,,,20070034,火焰,,,,火焰3,,,,,JRL1_1_1_15_03
2007003404,火焰4,,,,,,,20070034,火焰,,,,火焰4,,,,,JRL1_1_1_15_04
2007003405,火焰5,,,,,,,20070034,火焰,,,,火焰5,,,,,JRL1_1_1_15_05
2007003406,火焰6,,,,,,,20070034,火焰,,,,火焰6,,,,,JRL1_1_1_15_06
2007003407,火焰7,,,,,,,20070034,火焰,,,,火焰7,,,,,JRL1_1_1_15_07
2007003408,火焰8,,,,,,,20070034,火焰,,,,火焰8,,,,,JRL1_1_1_15_08
2007003409,火焰9,,,,,,,20070034,火焰,,,,火焰9,,,,,JRL1_1_1_15_09
2007003410,火焰10,,,,,,,20070034,火焰,,,,火焰10,,,,,JRL1_1_1_15_10
2007003411,火焰11,,,,,,,20070034,火焰,,,,火焰11,,,,,JRL1_1_1_15_11
2007003412,火焰12,,,,,,,20070034,火焰,,,,火焰12,,,,,JRL1_1_1_15_12
2007003501,特殊地表1,,,,,,,20070035,特殊地表1,,,,特殊地表1,,,,,JRL1_1_1_16_01
2007003502,特殊地表2,,,,,,,20070035,特殊地表2,,,,特殊地表2,,,,,JRL1_1_1_16_02
2007003601,红色光束1,,,,,,,20070036,红色光束,,,,红色光束1,,,,,JRL1_2_1_01_01
2007003602,红色光束2,,,,,,,20070036,红色光束,,,,红色光束2,,,,,JRL1_2_1_01_02
2007003603,红色光束3,,,,,,,20070036,红色光束,,,,红色光束3,,,,,JRL1_2_1_01_03
2007003604,红色光束4,,,,,,,20070036,红色光束,,,,红色光束4,,,,,JRL1_2_1_01_04
2007003605,红色光束5,,,,,,,20070036,红色光束,,,,红色光束5,,,,,JRL1_2_1_01_05
2007003606,红色光束6,,,,,,,20070036,红色光束,,,,红色光束6,,,,,JRL1_2_1_01_06
2007003607,红色光束7,,,,,,,20070036,红色光束,,,,红色光束7,,,,,JRL1_2_1_01_07
2007003701,蓝色光束1,,,,,,,20070037,蓝色光束,,,,蓝色光束1,,,,,JRL1_2_1_02_01
2007003702,蓝色光束2,,,,,,,20070037,蓝色光束,,,,蓝色光束2,,,,,JRL1_2_1_02_02
2007003703,蓝色光束3,,,,,,,20070037,蓝色光束,,,,蓝色光束3,,,,,JRL1_2_1_02_03
2007003704,蓝色光束4,,,,,,,20070037,蓝色光束,,,,蓝色光束4,,,,,JRL1_2_1_02_04
2007003705,蓝色光束5,,,,,,,20070037,蓝色光束,,,,蓝色光束5,,,,,JRL1_2_1_02_05
2007003706,蓝色光束6,,,,,,,20070037,蓝色光束,,,,蓝色光束6,,,,,JRL1_2_1_02_06
2007003707,蓝色光束7,,,,,,,20070037,蓝色光束,,,,蓝色光束7,,,,,JRL1_2_1_02_07
2007003801,黄色光束1,,,,,,,20070038,黄色光束,,,,黄色光束1,,,,,JRL1_2_1_03_01
2007003802,黄色光束2,,,,,,,20070038,黄色光束,,,,黄色光束2,,,,,JRL1_2_1_03_02
2007003803,黄色光束3,,,,,,,20070038,黄色光束,,,,黄色光束3,,,,,JRL1_2_1_03_03
2007003804,黄色光束4,,,,,,,20070038,黄色光束,,,,黄色光束4,,,,,JRL1_2_1_03_04
2007003805,黄色光束5,,,,,,,20070038,黄色光束,,,,黄色光束5,,,,,JRL1_2_1_03_05
2007003806,黄色光束6,,,,,,,20070038,黄色光束,,,,黄色光束6,,,,,JRL1_2_1_03_06
2007003807,黄色光束7,,,,,,,20070038,黄色光束,,,,黄色光束7,,,,,JRL1_2_1_03_07
2007003901,红色大光束1,,,,,,,20070039,红色大光束,,,,红色大光束1,,,,,JRL1_3_1_01_01
2007003902,红色大光束2,,,,,,,20070039,红色大光束,,,,红色大光束2,,,,,JRL1_3_1_01_02
2007003903,红色大光束3,,,,,,,20070039,红色大光束,,,,红色大光束3,,,,,JRL1_3_1_01_03
2007003904,红色大光束4,,,,,,,20070039,红色大光束,,,,红色大光束4,,,,,JRL1_3_1_01_04
2007003905,红色大光束5,,,,,,,20070039,红色大光束,,,,红色大光束5,,,,,JRL1_3_1_01_05
2007003906,红色大光束6,,,,,,,20070039,红色大光束,,,,红色大光束6,,,,,JRL1_3_1_01_06
2007003907,红色大光束7,,,,,,,20070039,红色大光束,,,,红色大光束7,,,,,JRL1_3_1_01_07
2007004001,蓝色大光束1,,,,,,,20070040,蓝色大光束,,,,蓝色大光束1,,,,,JRL1_3_1_02_01
2007004002,蓝色大光束2,,,,,,,20070040,蓝色大光束,,,,蓝色大光束2,,,,,JRL1_3_1_02_02
2007004003,蓝色大光束3,,,,,,,20070040,蓝色大光束,,,,蓝色大光束3,,,,,JRL1_3_1_02_03
2007004004,蓝色大光束4,,,,,,,20070040,蓝色大光束,,,,蓝色大光束4,,,,,JRL1_3_1_02_04
2007004005,蓝色大光束5,,,,,,,20070040,蓝色大光束,,,,蓝色大光束5,,,,,JRL1_3_1_02_05
2007004006,蓝色大光束6,,,,,,,20070040,蓝色大光束,,,,蓝色大光束6,,,,,JRL1_3_1_02_06
2007004007,蓝色大光束7,,,,,,,20070040,蓝色大光束,,,,蓝色大光束7,,,,,JRL1_3_1_02_07
2007004101,黄色大光束1,,,,,,,20070041,黄色大光束,,,,黄色大光束1,,,,,JRL1_3_1_03_01
2007004102,黄色大光束2,,,,,,,20070041,黄色大光束,,,,黄色大光束2,,,,,JRL1_3_1_03_02
2007004103,黄色大光束3,,,,,,,20070041,黄色大光束,,,,黄色大光束3,,,,,JRL1_3_1_03_03
2007004104,黄色大光束4,,,,,,,20070041,黄色大光束,,,,黄色大光束4,,,,,JRL1_3_1_03_04
2007004105,黄色大光束5,,,,,,,20070041,黄色大光束,,,,黄色大光束5,,,,,JRL1_3_1_03_05
2007004106,黄色大光束6,,,,,,,20070041,黄色大光束,,,,黄色大光束6,,,,,JRL1_3_1_03_06
2007004107,黄色大光束7,,,,,,,20070041,黄色大光束,,,,黄色大光束7,,,,,JRL1_3_1_03_07
2007004201,魔法阵,,,,,,,20070042,魔法阵1,,,,魔法阵1,,,,,JRL1_5_5_01_01
2007004202,魔法阵,,,,,,,20070042,魔法阵2,,,,魔法阵2,,,,,JRL1_5_5_01_02
2007004203,魔法阵,,,,,,,20070042,魔法阵3,,,,魔法阵3,,,,,JRL1_5_5_01_03
2007004204,魔法阵,,,,,,,20070042,魔法阵4,,,,魔法阵4,,,,,JRL1_5_5_01_04
2007004205,魔法阵,,,,,,,20070042,魔法阵5,,,,魔法阵5,,,,,JRL1_5_5_01_05
2007004206,魔法阵,,,,,,,20070042,魔法阵6,,,,魔法阵6,,,,,JRL1_5_5_01_06
2007005501,魔法森林・沙漏,,,,,,,20070055,魔法森林・沙漏1,,,,魔法森林・沙漏1,,,,,Z_mfsl_1_1_12
2007005502,魔法森林・沙漏,,,,,,,20070055,魔法森林・沙漏2,,,,魔法森林・沙漏2,,,,,Z_mfsl_1_1_13
2007005503,魔法森林・沙漏,,,,,,,20070055,魔法森林・沙漏3,,,,魔法森林・沙漏3,,,,,Z_mfsl_1_1_14
2007005504,魔法森林・沙漏,,,,,,,20070055,魔法森林・沙漏4,,,,魔法森林・沙漏4,,,,,Z_mfsl_1_1_15
2007005505,魔法森林・沙漏,,,,,,,20070055,魔法森林・沙漏5,,,,魔法森林・沙漏5,,,,,Z_mfsl_1_1_16
2007005506,魔法森林・沙漏,,,,,,,20070055,魔法森林・沙漏6,,,,魔法森林・沙漏6,,,,,Z_mfsl_1_1_17
2007006800,魔法森林・高山,,,,,,,20070068,魔法森林・高山,,,,魔法森林・高山,,,,,Z_mfsl_9_3_01
2007006801,高山流水1,,,,,,,20070068,高山流水,,,,高山流水1,,,,,Z_mfsl_9_3_01_01
2007006802,高山流水2,,,,,,,20070068,高山流水,,,,高山流水2,,,,,Z_mfsl_9_3_01_02
2007006803,高山流水3,,,,,,,20070068,高山流水,,,,高山流水3,,,,,Z_mfsl_9_3_01_03
2007006804,高山流水4,,,,,,,20070068,高山流水,,,,高山流水4,,,,,Z_mfsl_9_3_01_04
2007006805,高山流水5,,,,,,,20070068,高山流水,,,,高山流水5,,,,,Z_mfsl_9_3_01_05
2007006806,高山流水6,,,,,,,20070068,高山流水,,,,高山流水6,,,,,Z_mfsl_9_3_01_06
2007006807,高山流水7,,,,,,,20070068,高山流水,,,,高山流水7,,,,,Z_mfsl_9_3_01_07
2007006808,高山流水8,,,,,,,20070068,高山流水,,,,高山流水8,,,,,Z_mfsl_9_3_01_08
2007006809,高山流水9,,,,,,,20070068,高山流水,,,,高山流水9,,,,,Z_mfsl_9_3_01_09
2007006810,高山流水10,,,,,,,20070068,高山流水,,,,高山流水10,,,,,Z_mfsl_9_3_01_10
2007006811,高山循环流水1,,,,,,,20070068,高山循环流水,,,,高山循环流水1,,,,,Z_mfsl_9_3_01_11
2007006812,高山循环流水2,,,,,,,20070068,高山循环流水,,,,高山循环流水2,,,,,Z_mfsl_9_3_01_12
2007006813,高山循环流水3,,,,,,,20070068,高山循环流水,,,,高山循环流水3,,,,,Z_mfsl_9_3_01_13
2007006814,高山循环流水4,,,,,,,20070068,高山循环流水,,,,高山循环流水4,,,,,Z_mfsl_9_3_01_14
2007006815,高山循环流水5,,,,,,,20070068,高山循环流水,,,,高山循环流水5,,,,,Z_mfsl_9_3_01_15
2007006816,高山循环流水6,,,,,,,20070068,高山循环流水,,,,高山循环流水6,,,,,Z_mfsl_9_3_01_16
2007006817,高山循环流水7,,,,,,,20070068,高山循环流水,,,,高山循环流水7,,,,,Z_mfsl_9_3_01_17
2007006818,高山循环流水8,,,,,,,20070068,高山循环流水,,,,高山循环流水8,,,,,Z_mfsl_9_3_01_18
2007006819,高山循环流水9,,,,,,,20070068,高山循环流水,,,,高山循环流水9,,,,,Z_mfsl_9_3_01_19
2007006820,高山循环流水10,,,,,,,20070068,高山循环流水,,,,高山循环流水10,,,,,Z_mfsl_9_3_01_20
3000207301,魔法森林・浆果树,,,,,,,30002073,魔法森林・浆果树4,,,,魔法森林・浆果树4,,,,,JRL1_1_1_20
3000207302,魔法森林・浆果树,,,,,,,30002073,魔法森林・浆果树3,,,,魔法森林・浆果树3,,,,,JRL1_1_1_21
3000207303,魔法森林・浆果树,,,,,,,30002073,魔法森林・浆果树2,,,,魔法森林・浆果树2,,,,,JRL1_1_1_22
3000201701,果树1,,,,,,,30002017,侏罗纪果树1,,,,侏罗纪果树1,,,,,JMG2L5_3_1_01
3000201702,果树2,,,,,,,30002017,侏罗纪果树2,,,,侏罗纪果树2,,,,,JMG2L5_3_1_02
3000201703,盆栽,,,,,,,20050378,盆栽幼苗,,,,盆栽幼苗,,,,,JMG3L6_1_1_01
3000201704,盆栽,,,,,,,20050378,盆栽开花1,,,,盆栽开花1,,,,,JMG3L6_1_1_02_01
3000201705,盆栽,,,,,,,20050378,盆栽开花2,,,,盆栽开花2,,,,,JMG3L6_1_1_02_02
3000202001,魔法书1,,,,,,,20050388,魔法书1,,,,魔法书1,,,,,JMG3L7_1_1_12
3000202002,魔法书2,,,,,,,20050388,魔法书2,,,,魔法书2,,,,,JMG3L7_1_1_13
3000202003,魔法书3,,,,,,,20050388,魔法书3,,,,魔法书3,,,,,JMG3L7_1_1_14
3000202004,魔法书4,,,,,,,20050388,魔法书4,,,,魔法书4,,,,,JMG3L7_1_1_15
3000202005,守护神雕像完好,,,,,,,20050397,守护神雕像完好,,,,守护神雕像完好,,,,,JMG3L7_1_2_03
3000202006,守护神雕像损坏,,,,,,,20050397,守护神雕像损坏,,,,守护神雕像损坏,,,,,JMG3L7_1_2_04
3000202007,阵法1,,,,,,,20050399,阵法1,,,,阵法1,,,,,JMG3L7_5_5_01_01
3000202008,阵法2,,,,,,,20050399,阵法2,,,,阵法2,,,,,JMG3L7_5_5_02_02
3000202009,阵法3,,,,,,,20050399,阵法3,,,,阵法3,,,,,JMG3L7_5_5_02_03
3000202010,船完好,,,,,,,20050403,船完好,,,,船完好,,,,,JMG5L7_2_3_02
3000202011,船损坏,,,,,,,20050403,船损坏,,,,船损坏,,,,,JMG5L7_2_3_01
3000202012,椰子树1,,,,,,,30002033,椰子树1,,,,椰子树1,,,,,JMG5L7_5_1_01
3000202013,椰子树2,,,,,,,30002033,椰子树2,,,,椰子树2,,,,,JMG5L7_5_1_02
3000202014,16宫格,,,,,,,20050412,16宫格1,,,,16宫格1,,,,,JMG3L8_4_4_01_01
3000202015,16宫格,,,,,,,20050412,16宫格2,,,,16宫格2,,,,,JMG3L8_4_4_01_02
3000202016,水桶,,,,,,,20050413,水桶,,,,水桶,,,,,JMG5L8_1_1_01
3000202017,水桶,,,,,,,20050413,水桶带绳,,,,水桶带绳,,,,,JMG5L8_1_1_02
3000202018,魔法锅,,,,,,,20050424,魔法锅,,,,魔法锅,,,,,JMG2L10_01_01_10
3000202019,魔法锅,,,,,,,20050424,魔法锅损坏,,,,魔法锅损坏,,,,,JMG2L10_01_01_11
3000202020,篮子,,,,,,,20050419,篮子空,,,,篮子空,,,,,JMG2L10_01_01_03
3000202021,篮子,,,,,,,20050419,篮子装一个松果,,,,篮子装一个松果,,,,,JMG2L10_01_01_04
3000202022,篮子,,,,,,,20050419,篮子装两个松果,,,,篮子装两个松果,,,,,JMG2L10_01_01_05
3000202023,篮子,,,,,,,20050419,篮子装三个蛇莓,,,,篮子装三个蛇莓,,,,,JMG5L9_2_2_01
3000202024,绿色正方形,,,,,,,20060063,绿色正方形,,,,绿色正方形1,,,,,dhfx01
3000202025,绿色正方形,,,,,,,20060063,绿色正方形,,,,绿色正方形2,,,,,dhfx02
3000202026,绿色正方形,,,,,,,20060063,绿色正方形,,,,绿色正方形3,,,,,dhfx03
3000202027,绿色正方形,,,,,,,20060063,绿色正方形,,,,绿色正方形4,,,,,dhfx04
3000202028,红色正方形,,,,,,,20060064,红色正方形,,,,红色正方形1,,,,,dhfx101
3000202029,红色正方形,,,,,,,20060064,红色正方形,,,,红色正方形2,,,,,dhfx102
3000202030,红色正方形,,,,,,,20060064,红色正方形,,,,红色正方形3,,,,,dhfx103
3000202031,红色正方形,,,,,,,20060064,红色正方形,,,,红色正方形4,,,,,dhfx104
3000202032,绿色菱形,,,,,,,20060065,绿色菱形,,,,绿色菱形1,,,,,dhlx01
3000202033,绿色菱形,,,,,,,20060065,绿色菱形,,,,绿色菱形2,,,,,dhlx02
3000202034,绿色菱形,,,,,,,20060065,绿色菱形,,,,绿色菱形3,,,,,dhlx03
3000202035,绿色菱形,,,,,,,20060065,绿色菱形,,,,绿色菱形4,,,,,dhlx04
3000202036,红色菱形,,,,,,,20060066,红色菱形,,,,红色菱形1,,,,,dhlx101
3000202037,红色菱形,,,,,,,20060066,红色菱形,,,,红色菱形2,,,,,dhlx102
3000202038,红色菱形,,,,,,,20060066,红色菱形,,,,红色菱形3,,,,,dhlx103
3000202039,红色菱形,,,,,,,20060066,红色菱形,,,,红色菱形4,,,,,dhlx104
3000202040,红色小旗帜,,,,,,,20060067,红色小旗帜,,,,红色小旗帜1,,,,,dhqizi01
3000202041,红色小旗帜,,,,,,,20060067,红色小旗帜,,,,红色小旗帜2,,,,,dhqizi02
3000202042,红色小旗帜,,,,,,,20060067,红色小旗帜,,,,红色小旗帜3,,,,,dhqizi03
3000202043,红色小旗帜,,,,,,,20060067,红色小旗帜,,,,红色小旗帜4,,,,,dhqizi04
3000202044,绿色三角形,,,,,,,20060068,绿色三角形,,,,绿色三角形1,,,,,dhsjx01
3000202045,绿色三角形,,,,,,,20060068,绿色三角形,,,,绿色三角形2,,,,,dhsjx02
3000202046,绿色三角形,,,,,,,20060068,绿色三角形,,,,绿色三角形3,,,,,dhsjx03
3000202047,绿色三角形,,,,,,,20060068,绿色三角形,,,,绿色三角形4,,,,,dhsjx04
3000202048,红色三角形,,,,,,,20060069,红色三角形,,,,红色三角形1,,,,,dhsjx101
3000202049,红色三角形,,,,,,,20060069,红色三角形,,,,红色三角形2,,,,,dhsjx102
3000202050,红色三角形,,,,,,,20060069,红色三角形,,,,红色三角形3,,,,,dhsjx103
3000202051,红色三角形,,,,,,,20060069,红色三角形,,,,红色三角形4,,,,,dhsjx104
3000202052,绿色圆形,,,,,,,20060070,绿色圆形,,,,绿色圆形1,,,,,dhyx01
3000202053,绿色圆形,,,,,,,20060070,绿色圆形,,,,绿色圆形2,,,,,dhyx02
3000202054,绿色圆形,,,,,,,20060070,绿色圆形,,,,绿色圆形3,,,,,dhyx03
3000202055,绿色圆形,,,,,,,20060070,绿色圆形,,,,绿色圆形4,,,,,dhyx04
3000202056,红色圆形,,,,,,,20060071,红色圆形,,,,红色圆形1,,,,,dhyx101
3000202057,红色圆形,,,,,,,20060071,红色圆形,,,,红色圆形2,,,,,dhyx102
3000202058,红色圆形,,,,,,,20060071,红色圆形,,,,红色圆形3,,,,,dhyx103
3000202059,红色圆形,,,,,,,20060071,红色圆形,,,,红色圆形4,,,,,dhyx104
3000202060,黑色布谷鸟,,,,,,,20060072,黑色布谷鸟向右,,,,黑色布谷鸟向右,,,,,black_bird_right
3000202061,黑色布谷鸟,,,,,,,20060072,黑色布谷鸟向下,,,,黑色布谷鸟向下,,,,,yjk_1_1_01
3000202062,黑色布谷鸟,,,,,,,20060072,黑色布谷鸟向左,,,,黑色布谷鸟向左,,,,,black_bird_left
3000202063,黑色布谷鸟,,,,,,,20060072,黑色布谷鸟向上,,,,黑色布谷鸟向上,,,,,yjk_1_1_02
3000202064,红色布谷鸟,,,,,,,20060073,红色布谷鸟向右,,,,红色布谷鸟向右,,,,,red_bird_right
3000202065,红色布谷鸟,,,,,,,20060073,红色布谷鸟向下,,,,红色布谷鸟向下,,,,,yjk_1_1_03
3000202066,红色布谷鸟,,,,,,,20060073,红色布谷鸟向左,,,,红色布谷鸟向左,,,,,red_bird_left
3000202067,红色布谷鸟,,,,,,,20060073,红色布谷鸟向上,,,,红色布谷鸟向上,,,,,yjk_1_1_04
3000202068,橙色布谷鸟,,,,,,,20060074,橙色布谷鸟向右,,,,橙色布谷鸟向右,,,,,yellow_bird_right
3000202069,橙色布谷鸟,,,,,,,20060074,橙色布谷鸟向下,,,,橙色布谷鸟向下,,,,,yjk_1_1_05
3000202070,橙色布谷鸟,,,,,,,20060074,橙色布谷鸟向左,,,,橙色布谷鸟向左,,,,,yellow_bird_left
3000202071,橙色布谷鸟,,,,,,,20060074,橙色布谷鸟向上,,,,橙色布谷鸟向上,,,,,yjk_1_1_06
3000202072,紫色布谷鸟,,,,,,,20060075,紫色布谷鸟向右,,,,紫色布谷鸟向右,,,,,purple_bird_right
3000202073,紫色布谷鸟,,,,,,,20060075,紫色布谷鸟向下,,,,紫色布谷鸟向下,,,,,Z_yjk_1_1_23
3000202074,紫色布谷鸟,,,,,,,20060075,紫色布谷鸟向左,,,,紫色布谷鸟向左,,,,,purple_bird_left
3000202075,紫色布谷鸟,,,,,,,20060075,紫色布谷鸟向上,,,,紫色布谷鸟向上,,,,,Z_yjk_1_1_24
3000202076,侏罗纪石头树,,,,,,,20050355,侏罗纪石头树,,,,侏罗纪石头树,,,,,JMG2L5_5_1_02
3000202077,侏罗纪石头树,,,,,,,20050355,侏罗纪石头树屋,,,,侏罗纪石头树屋,,,,,JMG1L25_5_1_01
3000202078,城堡,,,,,,,20050484,城堡关门,,,,城堡关门,,,,,JMG3L34_14_17_03_01
3000202079,城堡,,,,,,,20050484,城堡开门,,,,城堡开门,,,,,JMG3L34_14_17_03_02
3000202080,宝箱,,,,,,,20050485,宝箱关闭,,,,宝箱关闭,,,,,JMG3L35_2_1_02
3000202081,宝箱,,,,,,,20050485,宝箱开启,,,,宝箱开启,,,,,JMG3L35_2_1_01
3000207701,红色花精灵,,,,,,,30002077,红色花精灵1,,,,红色花精灵1,,,,,JMG4L33_3_1_01_01
3000207702,红色花精灵,,,,,,,30002077,红色花精灵2,,,,红色花精灵2,,,,,JMG4L33_3_1_01_02
3000207801,蓝色花精灵,,,,,,,30002078,蓝色花精灵1,,,,蓝色花精灵1,,,,,JMG4L33_3_1_02_01
3000207802,蓝色花精灵,,,,,,,30002078,蓝色花精灵2,,,,蓝色花精灵2,,,,,JMG4L33_3_1_02_02
3000207901,黄色花精灵,,,,,,,30002079,黄色花精灵1,,,,黄色花精灵1,,,,,JMG4L33_3_1_03_01
3000207902,黄色花精灵,,,,,,,30002079,黄色花精灵2,,,,黄色花精灵2,,,,,JMG4L33_3_1_03_02
2007000101,蓝色传送阵,,,,,,,20070001,蓝色传送阵,,,,蓝色传送阵1,,,,,JRL0_1_1_01_01
2007000102,蓝色传送阵,,,,,,,20070001,蓝色传送阵,,,,蓝色传送阵2,,,,,JRL0_1_1_01_02
2007000103,蓝色传送阵,,,,,,,20070001,蓝色传送阵,,,,蓝色传送阵3,,,,,JRL0_1_1_01_03
2007000104,蓝色传送阵,,,,,,,20070001,蓝色传送阵,,,,蓝色传送阵4,,,,,JRL0_1_1_01_04
2007000105,蓝色传送阵,,,,,,,20070001,蓝色传送阵,,,,蓝色传送阵5,,,,,JRL0_1_1_01_05
2007000106,蓝色传送阵,,,,,,,20070001,蓝色传送阵,,,,蓝色传送阵6,,,,,JRL0_1_1_01_06
2007000201,红色传送阵,,,,,,,20070002,红色传送阵,,,,红色传送阵1,,,,,JRL0_1_1_02_01
2007000202,红色传送阵,,,,,,,20070002,红色传送阵,,,,红色传送阵2,,,,,JRL0_1_1_02_02
2007000203,红色传送阵,,,,,,,20070002,红色传送阵,,,,红色传送阵3,,,,,JRL0_1_1_02_03
2007000204,红色传送阵,,,,,,,20070002,红色传送阵,,,,红色传送阵4,,,,,JRL0_1_1_02_04
2007000205,红色传送阵,,,,,,,20070002,红色传送阵,,,,红色传送阵5,,,,,JRL0_1_1_02_05
2007000206,红色传送阵,,,,,,,20070002,红色传送阵,,,,红色传送阵6,,,,,JRL0_1_1_02_06
2007000301,绿色传送阵,,,,,,,20070003,绿色传送阵,,,,绿色传送阵1,,,,,JRL0_1_1_03_01
2007000302,绿色传送阵,,,,,,,20070003,绿色传送阵,,,,绿色传送阵2,,,,,JRL0_1_1_03_02
2007000303,绿色传送阵,,,,,,,20070003,绿色传送阵,,,,绿色传送阵3,,,,,JRL0_1_1_03_03
2007000304,绿色传送阵,,,,,,,20070003,绿色传送阵,,,,绿色传送阵4,,,,,JRL0_1_1_03_04
2007000305,绿色传送阵,,,,,,,20070003,绿色传送阵,,,,绿色传送阵5,,,,,JRL0_1_1_03_05
2007000306,绿色传送阵,,,,,,,20070003,绿色传送阵,,,,绿色传送阵6,,,,,JRL0_1_1_03_06
2007000401,黄色传送阵,,,,,,,20070004,黄色传送阵,,,,黄色传送阵1,,,,,JRL0_1_1_04_01
2007000402,黄色传送阵,,,,,,,20070004,黄色传送阵,,,,黄色传送阵2,,,,,JRL0_1_1_04_02
2007000403,黄色传送阵,,,,,,,20070004,黄色传送阵,,,,黄色传送阵3,,,,,JRL0_1_1_04_03
2007000404,黄色传送阵,,,,,,,20070004,黄色传送阵,,,,黄色传送阵4,,,,,JRL0_1_1_04_04
2007000405,黄色传送阵,,,,,,,20070004,黄色传送阵,,,,黄色传送阵5,,,,,JRL0_1_1_04_05
2007000406,黄色传送阵,,,,,,,20070004,黄色传送阵,,,,黄色传送阵6,,,,,JRL0_1_1_04_06
2007001401,火堆,,,,,,,20070014,火堆,,,,火堆1,,,,,JRL0_1_1_11_02
2007001402,火堆,,,,,,,20070014,火堆,,,,火堆2,,,,,JRL0_1_1_11_03
2007001403,火堆,,,,,,,20070014,火堆,,,,火堆3,,,,,JRL0_1_1_11_04
2007001404,火堆,,,,,,,20070014,火堆,,,,火堆4,,,,,JRL0_1_1_11_05
2007001405,火堆,,,,,,,20070014,火堆,,,,火堆5,,,,,JRL0_1_1_11_06
2007001406,火堆,,,,,,,20070014,火堆,,,,火堆6,,,,,JRL0_1_1_11_07
2007001407,火堆,,,,,,,20070014,火堆,,,,火堆7,,,,,JRL0_1_1_11_08
2007002201,高山,,,,,,,20070022,高山,,,,高山1,,,,,JRL0_3_4_05_01
2007002202,高山,,,,,,,20070022,高山,,,,高山2,,,,,JRL0_3_4_05_02
2007002203,高山,,,,,,,20070022,高山,,,,高山3,,,,,JRL0_3_4_05_03
2007002204,高山,,,,,,,20070022,高山,,,,高山4,,,,,JRL0_3_4_05_04
2007002205,高山,,,,,,,20070022,高山,,,,高山5,,,,,JRL0_3_4_05_06
2007002206,高山,,,,,,,20070022,高山,,,,高山6,,,,,JRL0_3_4_05_07
2007002207,高山,,,,,,,20070022,高山,,,,高山7,,,,,JRL0_3_4_05_08
2007002208,高山,,,,,,,20070022,高山流水状态,,,,高山8,,,,,JRL0_3_4_06_01
2007002209,高山,,,,,,,20070022,高山流水状态,,,,高山9,,,,,JRL0_3_4_06_02
2007002210,高山,,,,,,,20070022,高山流水状态,,,,高山10,,,,,JRL0_3_4_06_03
2007002211,高山,,,,,,,20070022,高山流水状态,,,,高山11,,,,,JRL0_3_4_06_04
2007002212,高山,,,,,,,20070022,高山流水状态,,,,高山12,,,,,JRL0_3_4_06_05
2007002213,高山,,,,,,,20070022,高山流水状态,,,,高山13,,,,,JRL0_3_4_06_06
2007002214,高山,,,,,,,20070022,高山流水状态,,,,高山14,,,,,JRL0_3_4_06_07
2007002215,高山,,,,,,,20070022,高山流水状态,,,,高山15,,,,,JRL0_3_4_06_08
2007002216,高山,,,,,,,20070022,高山流水状态,,,,高山16,,,,,JRL0_3_4_06_09
2007002217,高山,,,,,,,20070022,高山流水状态,,,,高山17,,,,,JRL0_3_4_06_10
2008003601,荧光石板,,,,,,,20080036,荧光石板不发光,,,,荧光石板不发光,,,,,SCL2_1_1_08_02
2008003602,荧光石板,,,,,,,20080036,荧光石板发光,,,,荧光石板发光,,,,,SCL2_1_1_08_01
3000208101,樱花树,,,,,,,30002081,樱花树,,,,樱花树1,,,,,SCL11_1_2_01_01
3000208102,樱花树,,,,,,,30002081,樱花树,,,,樱花树2,,,,,SCL11_1_2_01_02
3000208103,樱花树,,,,,,,30002081,樱花树,,,,樱花树3,,,,,SCL11_1_2_01_03
3000208104,樱花树,,,,,,,30002081,樱花树,,,,樱花树4,,,,,SCL11_1_2_01_04
3000208105,樱花树,,,,,,,30002081,樱花树,,,,樱花树5,,,,,SCL11_2_3_01_01
3000208106,樱花树,,,,,,,30002081,樱花树,,,,樱花树6,,,,,SCL11_2_3_01_02
3000208107,樱花树,,,,,,,30002081,樱花树,,,,樱花树7,,,,,SCL11_2_3_01_03
3000208108,樱花树,,,,,,,30002081,樱花树,,,,樱花树8,,,,,SCL11_2_3_01_04
3000208109,樱花树,,,,,,,30002081,樱花树,,,,樱花树9,,,,,SCL11_2_3_01_05
3000208110,樱花树,,,,,,,30002081,樱花树,,,,樱花树10,,,,,SCL11_6_6_01
3000208201,枫树,,,,,,,30002082,枫树,,,,枫树1,,,,,SCL11_1_2_02_01
3000208202,枫树,,,,,,,30002082,枫树,,,,枫树2,,,,,SCL11_1_2_02_02
3000208203,枫树,,,,,,,30002082,枫树,,,,枫树3,,,,,SCL11_1_2_02_03
3000208204,枫树,,,,,,,30002082,枫树,,,,枫树4,,,,,SCL11_1_2_02_04
3000208205,枫树,,,,,,,30002082,枫树,,,,枫树5,,,,,SCL11_2_3_02_01
3000208206,枫树,,,,,,,30002082,枫树,,,,枫树6,,,,,SCL11_2_3_02_02
3000208207,枫树,,,,,,,30002082,枫树,,,,枫树7,,,,,SCL11_2_3_02_03
3000208208,枫树,,,,,,,30002082,枫树,,,,枫树8,,,,,SCL11_2_3_02_04
3000208209,枫树,,,,,,,30002082,枫树,,,,枫树9,,,,,SCL11_2_3_02_05
3000208210,枫树,,,,,,,30002082,枫树,,,,枫树10,,,,,SCL11_3_3_01
3000208301,松树,,,,,,,30002083,松树,,,,松树1,,,,,SCL11_1_2_03_01
3000208302,松树,,,,,,,30002083,松树,,,,松树2,,,,,SCL11_1_2_03_02
3000208303,松树,,,,,,,30002083,松树,,,,松树3,,,,,SCL11_1_2_03_03
3000208304,松树,,,,,,,30002083,松树,,,,松树4,,,,,SCL11_1_2_03_04
3000208305,松树,,,,,,,30002083,松树,,,,松树5,,,,,SCL11_2_3_03_01
3000208306,松树,,,,,,,30002083,松树,,,,松树6,,,,,SCL11_2_3_03_02
3000208307,松树,,,,,,,30002083,松树,,,,松树7,,,,,SCL11_2_3_03_03
3000208308,松树,,,,,,,30002083,松树,,,,松树8,,,,,SCL11_2_3_03_04
3000208309,松树,,,,,,,30002083,松树,,,,松树9,,,,,SCL11_2_3_03_05
3000208310,松树,,,,,,,30002083,松树,,,,松树10,,,,,SCL11_3_3_02
