流水,类型,信息ID,名称,备注,类型,图标资源,标题1,描述1,标题2,描述2,标题3,描述3,标题4,描述4,标题5,描述5
id,type,infoId,name,null,infoType,infoIcon,infoTitle1,infoDescribe1,infoTitle2,infoDescribe2,infoTitle3,infoDescribe3,infoTitle4,infoDescribe4,infoTitle5,infoDescribe5
int,int,int,string,null,string,string,string,string,string,string,string,string,string,string,string,string
1,2,3091001,青草,青草,植物,icon_plant,科：,禾本科,属：,多种,种：,多种,说明,泛指禾本科草本植物；常为莎草科和灯芯草科单子叶植物。,掉落,纤维
4,2,3091004,双生白花,双生白花,植物,icon_plant,科：,芸香科,属：,九里香,种：,九里香,说明,双生白花的灵感来源于两朵长在一起的九里香，暂时没有具体功用。（现实中九里香可行气活血；散瘀止痛；解毒消肿哦）,掉落,纤维
6,2,3091006,蓝色蘑菇,小蘑菇,植物,icon_plant,科：,粉褶菌科,属：,粉褶菌科,种：,霍氏粉褶菌（天蓝蘑菇）,说明,参考自现实生活中的天蓝蘑菇。虽然天蓝蘑菇确实不可食用，但是是否有毒还存争议，不过在野外还是不要乱吃蘑菇哦。,掉落,暂无
12,2,3091012,绿草,绿草,植物,icon_plant,科：,禾本科,属：,多种,种：,多种,说明,一般由禾本科草本植物构成；常为莎草科和灯芯草科单子叶植物。,掉落,纤维
,2,3091101,椰子树,椰子树,植物,icon_plant,科:,棕榈科,属:,椰子属,种:,椰子树,说明,椰子为热带喜光作物，在高温、多雨、阳光充足和海风吹拂的条件下生长发育良好。,掉落,原木、纤维、椰子
15,2,3092001,小沙棕,小沙棕,植物,icon_plant,科：,棕榈科,属：,叉干棕属,种：,叉干棕,说明,沙棕来源于现实中的叉干棕，它可以在现实世界的撒哈拉沙漠存活；形态特殊，树冠硕大，耐旱性强。,掉落,纤维
18,2,3092004,大沙棕,大沙棕,植物,icon_plant,科：,棕榈科,属：,叉干棕属,种：,叉干棕,说明,沙棕来源于现实中的叉干棕，它可以在现实世界的撒哈拉沙漠存活；形态特殊，树冠硕大，耐旱性强。,掉落,纤维、原木
19,2,3092005,枯黄草,枯草,植物,icon_plant,科：,禾本科,属：,多种,种：,多种,说明,一般由枯死的禾本科草本植物构成，常为莎草科和灯芯草科单子叶植物。,掉落,纤维
23,2,3093003,雪原草,雪原草,植物,icon_plant,科：,禾本科,属：,草,种：,草,说明,一般由禾本科草本植物构成；常为莎草科和灯芯草科单子叶植物。,掉落,暂无
25,2,3093005,冰瑚,大冰瑚,植物,icon_plant,科：,苍珊瑚科,属：,苍珊瑚属,种：,冰瑚,说明,由于是蓝色的，所以采用了俗名蓝珊瑚的科属。现实中的冰珊瑚是珊瑚结冰后的样子，也很美哦。,掉落,暂无
26,2,3093006,小雪杉,小雪杉,植物,icon_plant,科：,松科,属：,雪松数,种：,小雪杉,说明,来源于现实中的雪松，因为其形状常被误称为雪杉。其实松科植物哦。,掉落,暂无
27,2,3093007,冰晶树,冰晶树,植物,icon_plant,科：,不明,属：,不明,种：,不明,说明,似乎是冰块在源码能量的作用下形成的树，具体来源不明。,掉落,不明
29,2,3093009,冰晶结晶,冰晶结晶,矿物,icon_mineral,释义：,不明,形成过程：,不明,成分：,冰、源码晶体,说明,似乎是冰块在源码能量的作用下形成的树，具体来源不明。,掉落,不明
30,2,3093010,雪原枯树,雪原枯树（直）,植物,icon_plant,科：,杨柳科,属：,杨属,种：,雪原枯树,说明,提起枯树，就不免想到枯死的胡杨林。虽然胡杨是生长在沙漠，但是胡杨顽强抗争的精神应该传遍世界。,掉落,原木、雪块
31,2,3093011,雪地原石,雪地原石,矿物,icon_mineral,释义：,形状不定的矿物质凝结物,形成过程：,一般指由大岩体遇外力而脱落下来的小型岩体，多依附于大岩体表面，一般成块状或椭圆形，外表有的粗糙，有的光滑，质地坚固、脆硬。,成分：,二氧化硅、碳酸钙,说明,原型为石头，可用来制造石器，采集石矿。在几千年前，我们的祖先就是用石头来生火。,掉落,石头、煤、硫磺、雪块
32,2,3094001,思索花,思索花,植物,icon_plant,科：,石蒜科,属：,水仙属,种：,思索花,说明,原型为水仙花，又名中国水仙，是多花水仙的一个变种。在中国已有一千多年栽培历史，为传统观赏花卉，是中国十大名花。,掉落,纤维、思索花花瓣、思索花种子
33,2,3094002,星辰花,星辰花,植物,icon_plant,科：,紫草科,属：,勿忘草属,种：,星辰花,说明,原型为勿忘我，多年生草本，适应力强，花语是永恒的爱，浓情厚谊，永不变的心，永远的回忆。,掉落,纤维、星辰花花瓣、星辰花种子。
34,2,3094003,紫色天国,紫色天国,植物,icon_plant,科：,杜鹃花科,属：,欧石楠属,种：,紫色天国,说明,原型为欧石楠，挪威的国花-帚石楠，俗名苏格兰石楠，有一个美丽的译名――艾莉卡。花语是孤独、背叛。,掉落,纤维、紫色天国花瓣、紫色天国种子。
35,2,3094004,红桃皇后,红桃皇后,植物,icon_plant,科：,蔷薇亚科,属：,蔷薇亚属,种：,红桃皇后,说明,原型为玫瑰花，玫瑰原产于中国，栽培历史悠久。是重要的香料植物。玫瑰在中国古代文学里象征刺客。,掉落,纤维、红桃皇后叶
36,2,3094005,德馨花,德馨花,植物,icon_plant,科：,石竹科,属：,石竹属,种：,德馨花,说明,原型为康乃馨，康乃馨原名其实是香石竹。花语大部分情况下是爱，魅力和尊敬之情。,掉落,纤维、德馨花花瓣、德馨花种子。
37,2,3094006,空心,空心,植物,icon_plant,科：,苋科,属：,莲子草属,种：,空心,说明,原型为空心莲子草，原产巴西，生在池沼、水沟内。全草入药，有清热利水、凉血解毒作用; 可作饲料。,掉落,纤维、空心花瓣、空心种子。
38,2,3094007,黄芯,黄芯,植物,icon_plant,科：,菊科,属：,狗娃花属,种：,黄芯,说明,原型为狗娃花，狗娃花生长于海拔2400米的荒地、路旁、林缘及草地。狗娃花根入药，能解毒消肿，治疮肿、蛇咬。,掉落,纤维、黄芯花瓣、黄芯种子。
39,2,3094008,小雪球,小雪球,植物,icon_plant,科：,菊科,属：,蒲公英属,种：,小雪球,说明,原型为蒲公英，广泛生于中、低海拔地区的山坡草地、路边、田野、河滩。可吃可入药，花语是“无法停留的爱”。,掉落,纤维、小雪球花瓣、小雪球种子。
40,2,3094009,银剑菊,银剑菊,植物,icon_plant,科：,不明,属：,不明,种：,银剑菊,说明,生长在夏威夷茂宜岛上的哈雷卡拉火山国家公园上的世界珍稀植物夏威夷银剑菊。一生只开一次花。被称为大自然最奇特的花。,掉落,银剑菊叶片
41,2,3094010,魔鬼花,魔鬼花,植物,icon_plant,科：,豆科,属：,澳洲沙漠豆,种：,魔鬼花,说明,"原型为澳洲沙漠豆花，又名“斯特尔特沙漠豌豆"" (Sturt's Desert Pea)。原产于澳洲的干旱地区，是澳大利亚最知名的野花之一。花朵奇特，观赏价值高。",掉落,纤维、魔鬼花叶
42,2,3094011,狼毫草,狼嚎草,植物,icon_plant,科：,黍亚科,属：,狗尾草属,种：,狼毫草,说明,原型为狗尾草，其秆、叶可作饲料，也可入药，治痈瘀、面癣；全草加水煮沸20分钟后，滤出液可喷杀菜虫；小穗可提炼糠醛。,掉落,纤维、狼毫草花瓣、狼毫草种子。
44,2,3094013,龙爪草,龙爪草,植物,icon_plant,科：,画眉草亚科,属：,_(cǎn)属,种：,龙爪草,说明,原型为牛筋草，全草药用。性味：甘、淡，平。祛风利湿，清热解毒，散瘀止血。 ,掉落,纤维、龙爪草叶
47,2,3094016,仙人掌,仙人球,植物,icon_plant,科：,仙人掌科,属：,仙人掌属,种：,仙人掌,说明,原型为仙人掌，仙人掌喜光、耐旱，适合在中性、微碱性土壤生长。通常栽作围篱，茎供药用，浆果酸甜可食，花语是坚强。,掉落,纤维、仙人掌块
49,2,3094018,紫灌,紫灌,植物,icon_plant,科：,龙舌兰科,属：,朱蕉属,种：,紫灌,说明,原型为朱蕉，性喜高温多湿气候，为观叶植物。朱蕉株形美观，色彩华丽高雅，具有较好的观赏性。花语：青春永驻，清新悦目。,掉落,纤维、紫灌叶
51,2,3094020,龟甲灌丛,龟甲灌丛,植物,icon_plant,科：,冬青科,属：,冬青属,种：,龟甲灌丛,说明,原型为龟甲冬青，喜温暖气候，适应性强，阳地、阴处均能生长；但以湿润、肥沃的微酸性黄土最为适宜，中性土壤亦能正常生长。,掉落,纤维、龟甲叶
52,2,3094021,红浆树,红浆树,植物,icon_plant,科：,小檗科,属：,南天竹属,种：,红浆树,说明,原型为南天竹药用可以镇咳止喘，兴奋强壮，但其实全株有毒，中毒症状为兴奋，脉搏先快后慢、且不规则、血压下降、肌肉痉挛、呼吸麻痹、昏迷等。,掉落,树枝、红浆果
53,2,3094022,红柳,红柳,植物,icon_plant,科：,柽柳科,属：,柽柳属,种：,红柳,说明,原型为红柳，又称怪柳，分布于我国新疆、甘肃、内蒙古、河南，除饲用外，主要用于营造农田防护林、绿化林、固沙林。,掉落,纤维、红柳叶
54,2,3094023,胡萝卜,胡萝卜,植物,icon_plant,科：,芹亚科,属：,胡萝卜属,种：,胡萝卜,说明,原型为胡萝卜，胡萝卜素有“小人参”之称，根作为蔬菜食用。并含多种维生素A、B、C及胡萝卜素。,掉落,胡萝卜、胡萝卜块茎
55,2,3094024,水稻,水稻,植物,icon_plant,科：,稻亚科,属：,稻属,种：,水稻,说明,原型为水稻，是世界上三分之一人类的主食，栽培历史可追溯到约公元前12000～16000年前的中国湖南。,掉落,水稻、水稻种子
56,2,3094025,土豆,土豆,植物,icon_plant,科：,茄科,属：,龙葵亚属,种：,马铃薯,说明,原型为马铃薯，别称洋芋，土豆等；马铃薯块茎含有大量的淀粉，能提供大量能量，可以用来主治胃痛、痄肋、痈肿、湿疹、烫伤，是和胃健中药和解毒消肿药。,掉落,土豆、土豆块茎
57,2,3094026,西瓜,西瓜,植物,icon_plant,科：,葫芦科,属：,西瓜属02,种：,西瓜,说明,原型为西瓜，生食能解渴生津，解暑热烦躁。有「天生白虎汤」之称，中国民间谚语云：夏日吃西瓜，药物不用抓。不过吃太多也伤脾胃哦。,掉落,西瓜、西瓜种子
58,2,3094027,小麦,小麦,植物,icon_plant,科：,小麦科,属：,小麦属,种：,小麦,说明,原型为小麦，小麦是新石器时代的人类对其野生祖先进行驯化的产物，栽培历史已有1万年以上。小麦的颖果是人类的主食之一。,掉落,小麦、小麦种子
59,2,3094028,芦苇,芦苇,植物,icon_plant,科：,禾本科,属：,芦苇属,种：,芦苇,说明,原型为芦苇，由于芦苇根具有清热解渴，治疗上吐下泻。所以吃了可以加饥渴度和解毒。,掉落,芦苇、芦苇种子
60,2,3094029,开花银剑菊,开花银剑菊,植物,icon_plant,科：,不明,属：,不明,种：,银剑菊,说明,生长在夏威夷茂宜岛上的哈雷卡拉火山国家公园上的世界珍稀植物夏威夷银剑菊。一生只开一次花。被称为大自然最奇特的花。,掉落,银剑菊花朵。
,2,3094030,破碎木箱,破碎木箱,人造物,icon_mineral,派系：,人类制造,材质：,木制,级别：,低,说明,似乎是被人为放置在地图上的宝藏，难道是玩藏宝游戏用的吗？,掉落,不明
,2,3094031,弃置合金箱,弃置合金箱,人造物,icon_mineral,派系：,人类制造,材质：,金属,级别：,中,说明,似乎是被人为放置在地图上的宝藏，难道是玩藏宝游戏用的吗？,掉落,不明
,2,3094032,源码宝箱,源码宝箱,人造物,icon_mineral,派系：,人类制造,材质：,源码,级别：,高,说明,似乎是被人为放置在地图上的宝藏，难道是玩藏宝游戏用的吗？,掉落,不明
64,2,3095001,常青树,常青树,植物,icon_plant,科：,多种,属：,多种,种：,多种,说明,常青树是指枝繁叶茂，四季常青的植物（如松柏类、冬青，桂花等），寓意永生。,掉落,原木
68,2,3095005,白桦,白桦,植物,icon_plant,科：,桦木科,属：,桦木属,种：,白桦,说明,"原型为白桦树，因其木材致密,可制木器。而且白桦树是俄罗斯的国树，白桦的花语和象征代表意义是生与死的考验。",掉落,白桦原木
69,2,3095006,黑橡树,黑橡树,植物,icon_plant,科：,壳斗科,属：,栎属,种：,黑橡,说明,原型为橡树，橡树是美国的国树，在欧美，橡树被视为神秘之树，橡树的花语是永恒。,掉落,黑箱原木
70,2,3095007,红枫,红枫,植物,icon_plant,科：,槭树科,属：,槭树属,种：,鸡爪槭,说明,原型为红枫树，别称红叶羽毛枫，红枫为名贵的观叶树木，故常作盆栽欣赏。,掉落,红枫原木
71,2,3095008,青云杉,青云杉,植物,icon_plant,科：,云杉亚科,属：,云杉属,种：,云杉,说明,原型为云杉，是国家2级重点保护野生植物，可作建筑、飞机、枕木、电杆、舟车、器具、家具及木纤维工业原料等用材。,掉落,青云杉原木
72,2,3095009,雪海松,雪海松,植物,icon_plant,科：,松科,属：,雪松属,种：,雪松,说明,原型为雪松，中国只有一种喜玛拉雅雪松，分布于西藏南部及印度和阿富汗。雪松木材轻软，具树脂，不易受潮。在原产地是一种重要的建筑用材。还可以杀菌驱虫。,掉落,雪海松原木
73,2,3095010,香蕉树,香蕉树,植物,icon_plant,科：,芭蕉科,属：,芭蕉属,种：,香蕉,说明,原型为香蕉，传说，佛教始祖释迦牟尼由于吃了香蕉而获得了智慧，因而被誉为“智慧之果”。香蕉还可以清热解毒，利尿消肿，安胎。,掉落,香蕉
75,2,3096002,安山岩,安山岩,矿物,icon_mineral,释义：,中性喷出岩,形成过程：,安山岩是造山带内分布最广的一种火山岩，多呈岩被、岩流、岩钟侵出相产出。,成分：,SiO2=52.4%oAl2O3=17.17%oCaO=7.92%oNa2O=3.67%oK2O=1.11%,说明,原型为安山岩，因大量发育于美洲的安第斯山脉而得名。,掉落,石头、煤、硫磺
77,2,3096004,原石,原石,矿物,icon_mineral,释义：,形状不定的矿物质凝结物,形成过程：,一般指由大岩体遇外力而脱落下来的小型岩体，多依附于大岩体表面，一般成块状或椭圆形，外表有的粗糙，有的光滑，质地坚固、脆硬。,成分：,二氧化硅、碳酸钙,说明,原型为石头，可用来制造石器，采集石矿。在几千年前，我们的祖先就是用石头来生火。,掉落,石头、煤、硫磺
79,2,3096006,富铁矿,富铁矿,矿物,icon_mineral,释义：,含铁量大于50%的铁矿石,形成过程：,沉积变质、火山入侵、沉积形成。,成分：,铁、硅石、铝等,说明,原型为含铁量大于50%的铁矿石。,掉落,铁矿石
80,2,3096007,花岗岩,花岗岩,矿物,icon_mineral,释义：,酸性侵入岩,形成过程：,花岗岩的形成过程通常与大陆的构造作用、变质作用和成矿作用密切相关,成分：,二氧化硅,说明,花岗岩结构致密，抗压强度高，吸水率低，表面硬度大，化学稳定性好，耐久性强，但耐火性差。可用作艺术品和建材。,掉落,花岗岩
81,2,3096008,玄武岩,玄武岩,矿物,icon_mineral,释义：,基性喷出岩,形成过程：,是由火山喷发出的岩浆冷却后凝固而成的一种致密状或泡沫状结构的岩石。,成分：,二氧化硅、三氧化二铝、氧化铁、氧化钙、氧化镁,说明,"玄武岩的用途十分广泛，其应用并不仅局限在建筑行业中，比如玄武岩是生产""铸石""的好原料，其经过熔化铸造、结晶处理，退火等工序，可以形成合金钢坚硬而耐磨，比铅和橡胶抗腐蚀的一种新型材料",掉落,玄武岩
82,2,3096009,奇异冰柱,奇异冰柱,矿物,icon_mineral,释义：,极寒情况下形成的冰柱。,形成过程：,极寒天气使空气中的水蒸气快速聚合凝结而成。,成分：,水,说明,好吧，其实前面的都是我编的，不过其实现实中的南北极的海洋里有恐怖的死亡冰柱。,掉落,冰块
83,2,3096010,土堆,土堆,矿物,icon_mineral,释义：,泥土沙石混合物,形成过程：,泥土沙石混合后堆放在一起，形成一定规模后被称为土堆。,成分：,SiO2、Al2O3、CaO、Fe2O3、MgO、K2O,说明,土是地壳表面最主要的组成物质，是岩石圈表层在漫长的地质年代里，经受各种复杂的地质作用所形成的松软物质。,掉落,土块
84,2,3096011,源码晶体矿,源码晶体矿,矿物,icon_mineral,释义：,源码能量凝聚而成的矿石,形成过程：,源码大战后，源码核心破碎，能量散溢到世界各地后再次凝聚产生的矿石。,成分：,源码晶石，源码能量,说明,源码世界的主要能源物质，还是合成各种物件的关键物资。,掉落,源码晶石
87,2,3096014,大理岩,大理岩,矿物,icon_mineral,释义：,碳酸盐类岩石经变质而成的岩石,形成过程：,碳酸盐岩经区域变质作用或接触变质作用形成,成分：,SiO2、Al2O3、Fe2O3、FeO、MnO、CaO、MgO、K2O、Na2O等,说明,由于中国云南省大理县盛产这种岩石，故名大理岩，主要用作雕刻和建筑材料。,掉落,大理岩
88,2,3097001,石地常青树,石地常青树,植物,icon_plant,科:,多种,属:,多种,种:,多种,说明,原型为常青树，,掉落,石头、原木
89,2,3099001,枯树,枯树,植物,icon_plant,科:,多种,属:,多种,种:,多种,说明,提起枯树，就不免想到枯死的胡杨林。虽然胡杨是生长在沙漠，但是胡杨顽强抗争的精神应该传遍世界。,掉落,原木
,,3101001,草原指路牌,,人造物,icon_mineral,派系：,人类制造,材质：,木制,级别：,低,说明,一块指路牌,掉落,
,,3102001,沙漠指路牌,,人造物,icon_mineral,派系：,人类制造,材质：,木制,级别：,低,说明,一块指路牌,掉落,
,,3102003,老鹰图腾柱,,人造物,icon_mineral,派系：,人类制造,材质：,木制,级别：,低,说明,一块指路牌,掉落,
,,3102004,人物图腾柱,,人造物,icon_mineral,派系：,人类制造,材质：,木制,级别：,低,说明,一块指路牌,掉落,
,,3103001,雪原指路牌,,人造物,icon_mineral,派系：,人类制造,材质：,木制,级别：,低,说明,一块指路牌,掉落,
,,3103002,雪晶树,,植物,icon_plant,科：,不明,属：,不明,种：,不明,说明,似乎是冰块在源码能量的作用下形成的树，具体来源不明。,掉落,不明
,,3103003,雪地源码碑,,人造物,icon_mineral,派系：,人类制造,材质：,木制,级别：,低,说明,雪地源码碑,掉落,
,,3103004,矮雪地石柱,,人造物,icon_mineral,派系：,人类制造,材质：,,级别：,低,说明,矮雪地石柱,掉落,
,,3103005,高雪地石柱,,人造物,icon_mineral,派系：,人类制造,材质：,木制,级别：,低,说明,高雪地石柱,掉落,
,,3104001,石地指路牌,,人造物,icon_mineral,派系：,人类制造,材质：,木制,级别：,低,说明,石地指路牌,掉落,
,,3105001,木制工作台,,人造物,icon_mineral,派系：,人类制造,材质：,木制,级别：,低,说明,木制工作台,掉落,
,,3105002,简易木箱,,人造物,icon_mineral,派系：,人类制造,材质：,木制,级别：,低,说明,简易木箱,掉落,
,,3105003,雨水收集器,,人造物,icon_mineral,派系：,人类制造,材质：,木制,级别：,低,说明,雨水收集器,掉落,
,,3105004,公告板,,人造物,icon_mineral,派系：,人类制造,材质：,木制,级别：,低,说明,公告板,掉落,
,,3105005,篝火（燃）,,人造物,icon_mineral,派系：,人类制造,材质：,木制,级别：,低,说明,篝火（燃）,掉落,
,,3105006,烹饪锅（燃）,,人造物,icon_mineral,派系：,人类制造,材质：,木制,级别：,低,说明,烹饪锅（燃）,掉落,
,,3105007,高级烹饪锅,,人造物,icon_mineral,派系：,人类制造,材质：,木制,级别：,低,说明,高级烹饪锅,掉落,
,,3105008,精致木箱,,人造物,icon_mineral,派系：,人类制造,材质：,木制,级别：,低,说明,精致木箱,掉落,
,,3105009,精致铁箱,,人造物,icon_mineral,派系：,人类制造,材质：,木制,级别：,低,说明,精致铁箱,掉落,
,,3105010,合金密码箱,,人造物,icon_mineral,派系：,人类制造,材质：,木制,级别：,低,说明,合金密码箱,掉落,
,,3105011,石制工作台,,人造物,icon_mineral,派系：,人类制造,材质：,木制,级别：,低,说明,石制工作台,掉落,
,,3105012,铁质工作台,,人造物,icon_mineral,派系：,人类制造,材质：,木制,级别：,低,说明,铁质工作台,掉落,
,,3105013,机械工作台,,人造物,icon_mineral,派系：,人类制造,材质：,木制,级别：,低,说明,机械工作台,掉落,
,,3105014,铁砧,,人造物,icon_mineral,派系：,人类制造,材质：,木制,级别：,低,说明,铁砧,掉落,
,,3105015,制衣台,,人造物,icon_mineral,派系：,人类制造,材质：,木制,级别：,低,说明,制衣台,掉落,
,,3105016,石炉运行,,人造物,icon_mineral,派系：,人类制造,材质：,木制,级别：,低,说明,石炉运行,掉落,
,,3105017,钢铁高炉运行,,人造物,icon_mineral,派系：,人类制造,材质：,木制,级别：,低,说明,钢铁高炉运行,掉落,
,,3105018,源码熔炉运行,,人造物,icon_mineral,派系：,人类制造,材质：,木制,级别：,低,说明,源码熔炉运行,掉落,
,,3105019,火炉（燃）,,人造物,icon_mineral,派系：,人类制造,材质：,木制,级别：,低,说明,火炉（燃）,掉落,
,,3105020,饲养槽,,人造物,icon_mineral,派系：,人类制造,材质：,木制,级别：,低,说明,饲养槽,掉落,
,,3105021,饲料槽,,人造物,icon_mineral,派系：,人类制造,材质：,木制,级别：,低,说明,饲料槽,掉落,
,,3105022,防水饲料槽,,人造物,icon_mineral,派系：,人类制造,材质：,木制,级别：,低,说明,防水饲料槽,掉落,
,,3105023,禽舍,,人造物,icon_mineral,派系：,人类制造,材质：,木制,级别：,低,说明,禽舍,掉落,
,,3105024,画板,,人造物,icon_mineral,派系：,人类制造,材质：,木制,级别：,低,说明,画板,掉落,
,,3105025,砧板,,人造物,icon_mineral,派系：,人类制造,材质：,木制,级别：,低,说明,砧板,掉落,
,,3105026,稻草人,,人造物,icon_mineral,派系：,人类制造,材质：,木制,级别：,低,说明,稻草人,掉落,
,,3105027,风力发电机,,人造物,icon_mineral,派系：,人类制造,材质：,木制,级别：,低,说明,风力发电机,掉落,
,,3105028,供电柱,,人造物,icon_mineral,派系：,人类制造,材质：,木制,级别：,低,说明,供电柱,掉落,
,,3105029,开关,,人造物,icon_mineral,派系：,人类制造,材质：,木制,级别：,低,说明,开关,掉落,
,,3105030,开关2,,人造物,icon_mineral,派系：,人类制造,材质：,木制,级别：,低,说明,开关2,掉落,
,,3105031,弹簧,,人造物,icon_mineral,派系：,人类制造,材质：,木制,级别：,低,说明,弹簧,掉落,
,,3105032,弹簧2,,人造物,icon_mineral,派系：,人类制造,材质：,木制,级别：,低,说明,弹簧2,掉落,
,,3105033,衣柜,,人造物,icon_mineral,派系：,人类制造,材质：,木制,级别：,低,说明,衣柜,掉落,
,,3105034,源码烤箱,,人造物,icon_mineral,派系：,人类制造,材质：,木制,级别：,低,说明,源码烤箱,掉落,
,,3105035,源码楼梯,,人造物,icon_mineral,派系：,人类制造,材质：,木制,级别：,低,说明,源码楼梯,掉落,
,,3105036,旱地,,人造物,icon_mineral,派系：,人类制造,材质：,木制,级别：,低,说明,旱地,掉落,
,,3105045,篝火（灭）,,人造物,icon_mineral,派系：,人类制造,材质：,木制,级别：,低,说明,篝火（灭）,掉落,
,,3105046,烹饪锅（灭）,,人造物,icon_mineral,派系：,人类制造,材质：,木制,级别：,低,说明,烹饪锅（灭）,掉落,
,,3105047,火炉（灭）,,人造物,icon_mineral,派系：,人类制造,材质：,木制,级别：,低,说明,火炉（灭）,掉落,
,,3106001,水壶,,人造物,icon_mineral,派系：,人类制造,材质：,木制,级别：,低,说明,水壶,掉落,
,,3106007,草垛,,人造物,icon_mineral,派系：,人类制造,材质：,木制,级别：,低,说明,草垛,掉落,
,,3106011,木桶,,人造物,icon_mineral,派系：,人类制造,材质：,木制,级别：,低,说明,木桶,掉落,
,,3106012,原木靠背凳,,人造物,icon_mineral,派系：,人类制造,材质：,木制,级别：,低,说明,原木靠背凳,掉落,
,,3106013,枫木靠背凳,,人造物,icon_mineral,派系：,人类制造,材质：,木制,级别：,低,说明,枫木靠背凳,掉落,
,,3106014,橡木靠背凳,,人造物,icon_mineral,派系：,人类制造,材质：,木制,级别：,低,说明,橡木靠背凳,掉落,
,,3106015,原木太师椅,,人造物,icon_mineral,派系：,人类制造,材质：,木制,级别：,低,说明,原木太师椅,掉落,
,,3106016,枫木太师椅,,人造物,icon_mineral,派系：,人类制造,材质：,木制,级别：,低,说明,枫木太师椅,掉落,
,,3106017,橡木太师椅,,人造物,icon_mineral,派系：,人类制造,材质：,木制,级别：,低,说明,橡木太师椅,掉落,
,,3106018,原木宝座,,人造物,icon_mineral,派系：,人类制造,材质：,木制,级别：,低,说明,原木宝座,掉落,
,,3106019,枫木宝座,,人造物,icon_mineral,派系：,人类制造,材质：,木制,级别：,低,说明,枫木宝座,掉落,
,,3106020,橡木宝座,,人造物,icon_mineral,派系：,人类制造,材质：,木制,级别：,低,说明,橡木宝座,掉落,
,,3106024,破碎木箱1号,,人造物,icon_mineral,派系：,人类制造,材质：,木制,级别：,低,说明,一个宝箱，里面有什么呢？,掉落,不明
,,3106025,破碎木箱2号,,人造物,icon_mineral,派系：,人类制造,材质：,木制,级别：,低,说明,一个宝箱，里面有什么呢？,掉落,不明
,,3106026,破碎木箱3号,,人造物,icon_mineral,派系：,人类制造,材质：,木制,级别：,低,说明,一个宝箱，里面有什么呢？,掉落,不明
,,3106027,合金箱1号,,人造物,icon_mineral,派系：,人类制造,材质：,木制,级别：,低,说明,一个宝箱，里面有什么呢？,掉落,不明
,,3106028,合金箱2号,,人造物,icon_mineral,派系：,人类制造,材质：,木制,级别：,低,说明,一个宝箱，里面有什么呢？,掉落,不明
,,3106029,合金箱3号,,人造物,icon_mineral,派系：,人类制造,材质：,木制,级别：,低,说明,一个宝箱，里面有什么呢？,掉落,不明
,,3106030,源码宝箱1号,,人造物,icon_mineral,派系：,人类制造,材质：,木制,级别：,低,说明,一个宝箱，里面有什么呢？,掉落,不明
,,3106031,源码宝箱2号,,人造物,icon_mineral,派系：,人类制造,材质：,木制,级别：,低,说明,一个宝箱，里面有什么呢？,掉落,不明
,,3106032,源码宝箱3号,,人造物,icon_mineral,派系：,人类制造,材质：,木制,级别：,低,说明,一个宝箱，里面有什么呢？,掉落,不明
,,3110001,胡萝卜,自己种植的胡萝卜,植物,icon_plant,科：,芹亚科,属：,胡萝卜属,种：,胡萝卜,说明,原型为胡萝卜，胡萝卜素有“小人参”之称，根作为蔬菜食用。并含多种维生素A、B、C及胡萝卜素。,掉落,胡萝卜、胡萝卜块茎
,,3110002,水稻,自己种植的水稻,植物,icon_plant,科：,稻亚科,属：,稻属,种：,水稻,说明,原型为水稻，是世界上三分之一人类的主食，栽培历史可追溯到约公元前12000～16000年前的中国湖南。,掉落,水稻、水稻种子
,,3110003,土豆,自己种植的土豆,植物,icon_plant,科：,茄科,属：,龙葵亚属,种：,马铃薯,说明,原型为马铃薯，别称洋芋，土豆等；马铃薯块茎含有大量的淀粉，能提供大量能量，可以用来主治胃痛、痄肋、痈肿、湿疹、烫伤，是和胃健中药和解毒消肿药。,掉落,土豆、土豆块茎
,,3110004,西瓜,自己种植的西瓜,植物,icon_plant,科：,葫芦科,属：,西瓜属02,种：,西瓜,说明,原型为西瓜，生食能解渴生津，解暑热烦躁。有「天生白虎汤」之称，中国民间谚语云：夏日吃西瓜，药物不用抓。不过吃太多也伤脾胃哦。,掉落,西瓜、西瓜种子
,,3110005,小麦,自己种植的小麦,植物,icon_plant,科：,小麦科,属：,小麦属,种：,小麦,说明,原型为小麦，小麦是新石器时代的人类对其野生祖先进行驯化的产物，栽培历史已有1万年以上。小麦的颖果是人类的主食之一。,掉落,小麦、小麦种子
,,3110006,芦苇,自己种植的芦苇,植物,icon_plant,科：,禾本科,属：,芦苇属,种：,芦苇,说明,原型为芦苇，由于芦苇根具有清热解渴，治疗上吐下泻。所以吃了可以加饥渴度和解毒。,掉落,芦苇、芦苇种子
,,3110007,空心,自己种植的空心,植物,icon_plant,科：,苋科,属：,莲子草属,种：,空心,说明,原型为空心莲子草，原产巴西，生在池沼、水沟内。全草入药，有清热利水、凉血解毒作用; 可作饲料。,掉落,纤维、空心花瓣、空心种子。
,,3110008,狼毫草,自己种植的狼毫草,植物,icon_plant,科：,黍亚科,属：,狗尾草属,种：,狼毫草,说明,原型为狗尾草，其秆、叶可作饲料，也可入药，治痈瘀、面癣；全草加水煮沸20分钟后，滤出液可喷杀菜虫；小穗可提炼糠醛。,掉落,纤维、狼毫草花瓣、狼毫草种子。
,,3110009,龙爪草,自己种植的龙爪草,植物,icon_plant,科：,画眉草亚科,属：,_(cǎn)属,种：,龙爪草,说明,原型为牛筋草，全草药用。性味：甘、淡，平。祛风利湿，清热解毒，散瘀止血。 ,掉落,纤维、龙爪草叶
,,3110010,黄芯,自己种植的黄芯,植物,icon_plant,科：,菊科,属：,狗娃花属,种：,黄芯,说明,原型为狗娃花，狗娃花生长于海拔2400米的荒地、路旁、林缘及草地。狗娃花根入药，能解毒消肿，治疮肿、蛇咬。,掉落,纤维、黄芯花瓣、黄芯种子。
,,3110011,小雪球,自己种植的小雪球,植物,icon_plant,科：,菊科,属：,蒲公英属,种：,小雪球,说明,原型为蒲公英，广泛生于中、低海拔地区的山坡草地、路边、田野、河滩。可吃可入药，花语是“无法停留的爱”。,掉落,纤维、小雪球花瓣、小雪球种子。
,,3110012,银剑菊,自己种植的银剑菊,植物,icon_plant,科：,不明,属：,不明,种：,银剑菊,说明,生长在夏威夷茂宜岛上的哈雷卡拉火山国家公园上的世界珍稀植物夏威夷银剑菊。一生只开一次花。被称为大自然最奇特的花。,掉落,银剑菊叶片
,,3110013,红桃皇后,自己种植的红桃皇后,植物,icon_plant,科：,蔷薇亚科,属：,蔷薇亚属,种：,红桃皇后,说明,原型为玫瑰花，玫瑰原产于中国，栽培历史悠久。是重要的香料植物。玫瑰在中国古代文学里象征刺客。,掉落,纤维、红桃皇后叶
,,3110014,德馨花,自己种植的德馨花,植物,icon_plant,科：,石竹科,属：,石竹属,种：,德馨花,说明,原型为康乃馨，康乃馨原名其实是香石竹。花语大部分情况下是爱，魅力和尊敬之情。,掉落,纤维、德馨花花瓣、德馨花种子。
,,3110015,星辰花,自己种植的星辰花,植物,icon_plant,科：,紫草科,属：,勿忘草属,种：,星辰花,说明,原型为勿忘我，多年生草本，适应力强，花语是永恒的爱，浓情厚谊，永不变的心，永远的回忆。,掉落,纤维、星辰花花瓣、星辰花种子。
,,3110016,思索花,自己种植的思索花,植物,icon_plant,科：,石蒜科,属：,水仙属,种：,思索花,说明,原型为水仙花，又名中国水仙，是多花水仙的一个变种。在中国已有一千多年栽培历史，为传统观赏花卉，是中国十大名花。,掉落,纤维、思索花花瓣、思索花种子
,,3110017,魔鬼花,自己种植的魔鬼花,植物,icon_plant,科：,豆科,属：,澳洲沙漠豆,种：,魔鬼花,说明,"原型为澳洲沙漠豆花，又名“斯特尔特沙漠豌豆"" (Sturt's Desert Pea)。原产于澳洲的干旱地区，是澳大利亚最知名的野花之一。花朵奇特，观赏价值高。",掉落,纤维、魔鬼花叶
,,3110018,紫色天国,自己种植的紫色天国,植物,icon_plant,科：,杜鹃花科,属：,欧石楠属,种：,紫色天国,说明,原型为欧石楠，挪威的国花-帚石楠，俗名苏格兰石楠，有一个美丽的译名――艾莉卡。花语是孤独、背叛。,掉落,纤维、紫色天国花瓣、紫色天国种子。
,,3110019,小苗,植物刚长出来时的小苗,植物,icon_plant,科：,多种,属：,多种,种：,多种,说明,植物幼年时的小苗,掉落,纤维
,,3110020,树苗,树木的树苗,植物,icon_plant,科：,多种,属：,多种,种：,多种,说明,树木幼年时的树苗,掉落,树枝
,,5000001,果篮,果篮,人造物,icon_mineral,派系：,人类制造,材质：,木制,级别：,低,说明,一个果篮,掉落,
,,5000002,空果篮,空果篮,人造物,icon_mineral,派系：,人类制造,材质：,木制,级别：,低,说明,一个空果篮,掉落,
93,1,1000001,平原野猪,平原野猪,生物,icon_animal,科：,猪亚科,属：,猪属,种：,平原野猪,说明,原型是野猪，野猪首先在中国被驯化，中国养猪的历史可以追溯到新石器时代早、中期。,掉落,兽皮、兽肉
94,1,1000002,源码守卫,源码守卫,机械,icon_animal,派系：,源码机械,智慧：,高,行为:,稳重,说明,源码大战后留下来的源码机械，是源码机械中的主要守卫力量。,掉落,机械轴承、机械框架、动力模组、对应核心
95,1,1000003,源码机器人,源码机器人,机械,icon_animal,派系：,源码机械,智慧：,高,行为:,胆小,说明,源码大战后留下来的源码机械，可以执行多种任务，但是都不强力。,掉落,机械轴承、机械框架、动力模组、对应核心
96,1,1000004,源码侦察机,源码侦察机,机械,icon_animal,派系：,源码机械,智慧：,高,行为:,灵活,说明,源码大战后留下来的源码机械，是主要的侦察设备。,掉落,机械轴承、机械框架、动力模组、对应核心
97,1,1000005,沙地干尸,沙地干尸,元素生物,icon_animal,派系：,自然,智慧：,中,行为:,迟钝,说明,五大源码神设定的世界中，环境沙漠化后会出的怪物。,掉落,纤维、金矿石、源码晶石
98,1,1000006,石头怪,石头怪,元素生物,icon_animal,派系：,自然,智慧：,中,行为:,迟钝,说明,五大源码神创造的元素守卫之一，石地的守护者。,掉落,石头、源码晶石、玄武岩等
99,1,1000007,树妖,树妖,元素生物,icon_animal,派系：,自然,智慧：,中,行为:,迟钝,说明,五大源码神创造的元素守卫之一，森林的守护者。,掉落,原木、源码晶石
100,1,1000008,源码采矿机,源码采矿机,机械,icon_animal,派系：,源码机械,智慧：,高,行为:,呆萌,说明,源码大战后留下来的源码机械，具有强大的采矿能力。,掉落,机械轴承、机械框架、动力模组、对应核心
101,1,1000009,源码伐木机,源码伐木机,机械,icon_animal,派系：,源码机械,智慧：,高,行为:,凶狠,说明,源码大战后留下来的源码机械，可以执行多种任务，但是都不强力。,掉落,机械轴承、机械框架、动力模组、对应核心
102,1,1000010,源码机械犬,源码机械犬,机械,icon_animal,派系：,源码机械,智慧：,低,行为:,警惕,说明,源码大战后留下来的源码机械，可以执行多种任务，但是都不强力。,掉落,机械轴承、机械框架、动力模组、对应核心
103,1,1000011,沙漠骆驼,沙漠骆驼,生物,icon_animal,科：,骆驼科,属：,骆驼属,种：,沙漠骆驼,说明,原型为骆驼，骆驼可以在没有水的条件下生存三周，没有食物可生存一个月之久。骆驼由于胃内附生有水俘，作储水用，故能耐渴。,掉落,兽皮、兽肉、兽皮水囊满、沙漠骆驼鬃毛
104,1,1000012,白毛狼,白毛狼,生物,icon_animal,科：,犬科,属：,犬属,种：,白毛狼,说明,原型是北极狼，又称白狼，是犬科的哺乳动物，也是灰狼的亚种，是世界上最大的野生犬科家族成员。,掉落,兽皮、兽肉、白毛狼尾巴
105,1,1000013,咕咕鸡,咕咕鸡,生物,icon_animal,科：,雉科,属：,原鸡属,种：,咕咕鸡,说明,原型为鸡，我国是世界上最早驯养鸡的国家，至少有四千多年的历史。,掉落,禽肉、咕咕鸡羽毛
106,1,1000014,泥牛,泥牛,生物,icon_animal,科：,牛亚科,属：,牛亚属,种：,泥牛,说明,原型为牛，牛的适应性很强，能够较好地适应所在地气候，牛吃饱后会停止进食，但还会不住的反刍，牛最喜欢吃青草。,掉落,兽肉，兽皮、泥牛的角
107,1,1000015,湖鸭,湖鸭,生物,icon_animal,科：,鸭科,属：,鸭属,种：,湖鸭,说明,原型为褐鸭，有名奥克兰鸭，多数栖息于沿海沼泽，池塘和沼泽低地森林。不善自由飞翔，主要在靠近水源的草地觅食。,掉落,禽肉、湖鸭翎羽
108,1,1000016,山地羊,山地羊,生物,icon_animal,科：,牛科（羊亚科）,属：,山羊属,种：,山地羊,说明,原型为陕北山地羊，陕北山地羊被誉为“肉中之人参”，陕北的羊肉性热，具有益气补虚的功能，其味道也“十里飘香”。,掉落,羊毛、兽肉、山地羊毛
109,1,1000017,烈火马,烈火马,生物,icon_animal,科：,马科,属：,马属,种：,烈火马,说明,原型为马，在4000年前被人类驯服。烈火马是源码大战后数据结构改变的产物。,掉落,兽皮、兽肉、烈火马鬃毛
110,1,1000018,沙滩蟹,沙滩蟹,生物,icon_animal,科：,蟹科,属：,蟹属,种：,沙滩蟹,说明,蟹有很多种类，大部分蟹类可以食用。大部分吃得最多的都来源于大海或者淡水湖泊区域。,掉落,蟹肉、蟹黄、沙滩蟹钳
111,1,1000019,淤泥怪,淤泥怪,生物,icon_animal,派系：,自然,智慧：,低,行为:,懒惰,说明,五大源码神设定的世界中，会出现在沼泽中的怪物,掉落,土块、源码晶石、宝箱
112,1,1000020,冰原雪人,冰原雪人,生物,icon_animal,派系：,自然,智慧：,高,行为:,呆萌,说明,五大源码神创造的元素守卫之一，雪原的守护者。,掉落,雪块、源码晶石
113,1,1000021,熔岩火人,熔岩火人,生物,icon_animal,派系：,自然,智慧：,高,行为:,冲动,说明,五大源码神创造的元素守卫之一，火山的守护者。,掉落,玄武岩、源码晶石
114,1,1000022,冰地巨怪,冰地巨怪,生物,icon_animal,派系：,异变,智慧：,中,行为:,狂暴,说明,源码大战后，不明原因诞生的强大异变怪物。,掉落,
115,1,1000023,冰魂,冰魂,生物,icon_animal,派系：,异变,智慧：,高,行为:,狂暴,说明,源码大战后，不明原因诞生的强大异变怪物。,掉落,
116,1,1000024,黑魂王,黑魂王,生物,icon_animal,派系：,异变,智慧：,高,行为:,狂暴,说明,源码大战后，不明原因诞生的强大异变怪物。,掉落,
117,1,1000025,黑魂,黑魂,生物,icon_animal,派系：,异变,智慧：,高,行为:,狂暴,说明,源码大战后，不明原因诞生的强大异变怪物。,掉落,
118,1,1000026,熔岩巨怪,熔岩巨怪,生物,icon_animal,派系：,异变,智慧：,中,行为:,狂暴,说明,源码大战后，不明原因诞生的强大异变怪物。,掉落,
119,1,1000027,火魂,火魂,生物,icon_animal,派系：,异变,智慧：,高,行为:,狂暴,说明,源码大战后，不明原因诞生的强大异变怪物。,掉落,
120,1,1000028,森林女王,森林女王,生物,icon_animal,派系：,异变,智慧：,高,行为:,狂暴,说明,源码大战后，不明原因诞生的强大异变怪物。,掉落,
121,1,1000029,鬼魅树妖,鬼魅树妖,生物,icon_animal,派系：,异变,智慧：,高,行为:,狂暴,说明,源码大战后，不明原因诞生的强大异变怪物。,掉落,
122,1,1000030,石地巨怪,石地巨怪,生物,icon_animal,派系：,异变,智慧：,中,行为:,狂暴,说明,源码大战后，不明原因诞生的强大异变怪物。,掉落,
123,1,1000031,源码巨怪,源码巨怪,生物,icon_animal,派系：,源码机械,智慧：,中,行为:,无情,说明,源码大战后，被遗留下来的巨型源码装置，似乎在不断汲取源码能量，是造成阿尔法公司数据传输飞船坠毁的主要祸首。,掉落,
124,1,1000032,达达鸡,达达鸡,生物,icon_animal,派系：,异变,智慧：,低,行为:,跳脱多变,说明,源码大战后，异变出现的一种奇特生物，自称达达，似乎可以不断转生成其他源码生物。,掉落,
125,1,1000033,达达鸭,达达鸭,生物,icon_animal,派系：,异变,智慧：,低,行为:,跳脱多变,说明,源码大战后，异变出现的一种奇特生物，自称达达，似乎可以不断转生成其他源码生物。,掉落,
126,1,1000034,达达猪,达达猪,生物,icon_animal,派系：,异变,智慧：,低,行为:,跳脱多变,说明,源码大战后，异变出现的一种奇特生物，自称达达，似乎可以不断转生成其他源码生物。,掉落,
127,1,1000035,达达狼,达达狼,生物,icon_animal,派系：,异变,智慧：,低,行为:,跳脱多变,说明,源码大战后，异变出现的一种奇特生物，自称达达，似乎可以不断转生成其他源码生物。,掉落,
128,1,1000036,达达牛,达达牛,生物,icon_animal,派系：,异变,智慧：,低,行为:,跳脱多变,说明,源码大战后，异变出现的一种奇特生物，自称达达，似乎可以不断转生成其他源码生物。,掉落,
129,1,1000037,达达骆驼,达达骆驼,生物,icon_animal,派系：,异变,智慧：,低,行为:,跳脱多变,说明,源码大战后，异变出现的一种奇特生物，自称达达，似乎可以不断转生成其他源码生物。,掉落,
130,1,1000038,达达羊,达达羊,生物,icon_animal,派系：,异变,智慧：,低,行为:,跳脱多变,说明,源码大战后，异变出现的一种奇特生物，自称达达，似乎可以不断转生成其他源码生物。,掉落,
131,1,1000039,达达火马,达达火马,生物,icon_animal,派系：,异变,智慧：,低,行为:,跳脱多变,说明,源码大战后，异变出现的一种奇特生物，自称达达，似乎可以不断转生成其他源码生物。,掉落,
132,1,1000040,达达蟹,达达蟹,生物,icon_animal,派系：,异变,智慧：,低,行为:,跳脱多变,说明,源码大战后，异变出现的一种奇特生物，自称达达，似乎可以不断转生成其他源码生物。,掉落,
133,1,1000041,达达树妖,达达树妖,生物,icon_animal,派系：,异变,智慧：,低,行为:,跳脱多变,说明,源码大战后，异变出现的一种奇特生物，自称达达，似乎可以不断转生成其他源码生物。,掉落,
134,1,1000042,达达淤泥怪,达达淤泥怪,生物,icon_animal,派系：,异变,智慧：,低,行为:,跳脱多变,说明,源码大战后，异变出现的一种奇特生物，自称达达，似乎可以不断转生成其他源码生物。,掉落,
135,1,1000043,达达干尸,达达干尸,生物,icon_animal,派系：,异变,智慧：,低,行为:,跳脱多变,说明,源码大战后，异变出现的一种奇特生物，自称达达，似乎可以不断转生成其他源码生物。,掉落,
136,1,1000044,达达火人,达达火人,生物,icon_animal,派系：,异变,智慧：,低,行为:,跳脱多变,说明,源码大战后，异变出现的一种奇特生物，自称达达，似乎可以不断转生成其他源码生物。,掉落,
137,1,1000045,达达石头怪,达达石头怪,生物,icon_animal,派系：,异变,智慧：,低,行为:,跳脱多变,说明,源码大战后，异变出现的一种奇特生物，自称达达，似乎可以不断转生成其他源码生物。,掉落,
138,1,1000046,达达雪人,达达雪人,生物,icon_animal,派系：,异变,智慧：,低,行为:,跳脱多变,说明,源码大战后，异变出现的一种奇特生物，自称达达，似乎可以不断转生成其他源码生物。,掉落,
139,1,1000047,诗词鸡,诗词鸡,生物,icon_animal,派系：,人类改造,智慧：,低,行为:,警惕,说明,阿尔法公司将源码部落中的物种改造后诞生的生物，但是它们似乎因为向往自由的生活逃离了掌控。,掉落,
140,1,1000048,代码鸭,代码鸭,生物,icon_animal,派系：,人类改造,智慧：,低,行为:,警惕,说明,阿尔法公司将源码部落中的物种改造后诞生的生物，但是它们似乎因为向往自由的生活逃离了阿尔法公司的掌控。,掉落,
141,1,1000049,食物猪,食物猪,生物,icon_animal,派系：,人类改造,智慧：,低,行为:,警惕,说明,阿尔法公司将源码部落中的物种改造后诞生的生物，但是它们似乎因为向往自由的生活逃离了阿尔法公司的掌控。,掉落,
142,1,1000050,宝藏猪,宝藏猪,生物,icon_animal,派系：,人类改造,智慧：,低,行为:,警惕,说明,阿尔法公司将源码部落中的物种改造后诞生的生物，但是它们似乎因为向往自由的生活逃离了阿尔法公司的掌控。,掉落,
143,1,1000051,公主猪,公主猪,生物,icon_animal,派系：,人类改造,智慧：,低,行为:,警惕,说明,阿尔法公司将源码部落中的物种改造后诞生的生物，但是它们似乎因为向往自由的生活逃离了阿尔法公司的掌控。,掉落,
144,1,1000052,英文狼,英文狼,生物,icon_animal,派系：,人类改造,智慧：,低,行为:,警惕,说明,阿尔法公司将源码部落中的物种改造后诞生的生物，但是它们似乎因为向往自由的生活逃离了阿尔法公司的掌控。,掉落,
145,1,1000053,数学羊,数学羊,生物,icon_animal,派系：,人类改造,智慧：,低,行为:,警惕,说明,阿尔法公司将源码部落中的物种改造后诞生的生物，但是它们似乎因为向往自由的生活逃离了阿尔法公司的掌控。,掉落,
146,1,1000054,异变石头怪,异变石头怪,生物,icon_animal,派系：,异变,智慧：,中,行为:,狂暴,说明,源码大战后，不明原因诞生的强大异变怪物。,掉落,
147,2,4105001,木制工作台,木制工作台,人造物,icon_mineral,派系：,人类制造,材质：,木制,级别：,低,说明,制作木制产品的重要设备。,掉落,
148,2,4105002,简易木箱,简易木箱,人造物,icon_mineral,派系：,人类制造,材质：,木制,级别：,低,说明,简易木箱，可以储存一定量的物品。,掉落,
149,2,4105003,雨水收集器,雨水收集器,人造物,icon_mineral,派系：,人类制造,材质：,木制,级别：,低,说明,用于收集雨水的雨水收集器，不用再到处找水了。,掉落,
150,2,4105004,公告板,公告板,人造物,icon_mineral,派系：,人类制造,材质：,木制,级别：,低,说明,能够展示一些信息的公告板。,掉落,
151,2,4105005,篝火（燃）,篝火（燃）,人造物,icon_mineral,派系：,人类制造,材质：,木制,级别：,低,说明,可以用于烤肉。,掉落,
152,2,4105006,烹饪锅（燃）,烹饪锅（燃）,人造物,icon_mineral,派系：,人类制造,材质：,木制,级别：,低,说明,可以烹饪各种食物。,掉落,
153,2,4105007,高级烹饪锅,高级烹饪锅,人造物,icon_mineral,派系：,人类制造,材质：,木制,级别：,低,说明,可以高级食材。,掉落,
154,2,4105008,精致木箱,精致木箱,人造物,icon_mineral,派系：,人类制造,材质：,木制,级别：,低,说明,能够装更多的东西。,掉落,
155,2,4105009,精致铁箱,精致铁箱,人造物,icon_mineral,派系：,人类制造,材质：,木制,级别：,低,说明,防御力变强了，装的东西也变多了。,掉落,
156,2,4105010,合金密码箱,合金密码箱,人造物,icon_mineral,派系：,人类制造,材质：,木制,级别：,低,说明,给你的储物箱设置密码，别人无法打开。,掉落,
157,2,4105011,石制工作台,石制工作台,人造物,icon_mineral,派系：,人类制造,材质：,木制,级别：,低,说明,制作石制产品的设备。,掉落,
158,2,4105012,铁质工作台,铁质工作台,人造物,icon_mineral,派系：,人类制造,材质：,木制,级别：,低,说明,制造铁质产品的重要设备。,掉落,
159,2,4105013,机械工作台,机械工作台,人造物,icon_mineral,派系：,人类制造,材质：,木制,级别：,低,说明,制造金制品的重要设备。,掉落,
160,2,4105014,铁砧,铁砧,人造物,icon_mineral,派系：,人类制造,材质：,木制,级别：,低,说明,可以合成基础铁器和修复物件。,掉落,
161,2,4105015,制衣台,制衣台,人造物,icon_mineral,派系：,人类制造,材质：,木制,级别：,低,说明,可以制作衣物。,掉落,
162,2,4105016,石炉运行,石炉运行,人造物,icon_mineral,派系：,人类制造,材质：,木制,级别：,低,说明,最基础的熔炉，但是没有它一切都无从谈起。,掉落,
163,2,4105017,钢铁高炉运行,钢铁高炉运行,人造物,icon_mineral,派系：,人类制造,材质：,木制,级别：,低,说明,高炉，可以炼制铁锭，钢锭。,掉落,
164,2,4105018,源码熔炉运行,源码熔炉运行,人造物,icon_mineral,派系：,人类制造,材质：,木制,级别：,低,说明,冶炼高炉，可以炼制合金锭。,掉落,
165,2,4105019,火炉（燃）,火炉（燃）,人造物,icon_mineral,派系：,人类制造,材质：,木制,级别：,低,说明,一个火炉，可以提供光源。,掉落,
166,2,4105020,饲养槽,饲养槽,人造物,icon_mineral,派系：,人类制造,材质：,木制,级别：,低,说明,基础的饲养设备，可以养殖大型动物。,掉落,
167,2,4105021,饲料槽,饲料槽,人造物,icon_mineral,派系：,人类制造,材质：,木制,级别：,低,说明,饲养小动物的饲养槽。,掉落,
168,2,4105022,防水饲料槽,防水饲料槽,人造物,icon_mineral,派系：,人类制造,材质：,木制,级别：,低,说明,饲养小动物的防水饲养槽。,掉落,
169,2,4105023,禽舍,禽舍,人造物,icon_mineral,派系：,人类制造,材质：,木制,级别：,低,说明,饲养小动物的高级饲养设备。,掉落,
170,2,4105024,画板,画板,人造物,icon_mineral,派系：,人类制造,材质：,木制,级别：,低,说明,可以用来画画的画板。,掉落,
171,2,4105025,砧板,砧板,人造物,icon_mineral,派系：,人类制造,材质：,木制,级别：,低,说明,切菜必备。,掉落,
172,2,4105026,稻草人,稻草人,人造物,icon_mineral,派系：,人类制造,材质：,木制,级别：,低,说明,赶走那些来偷吃你作物的小动物。,掉落,
173,2,4105027,风力发电机,风力发电机,人造物,icon_mineral,派系：,人类制造,材质：,木制,级别：,低,说明,通过风力提供动力。,掉落,
174,2,4105028,供电柱,供电柱,人造物,icon_mineral,派系：,人类制造,材质：,木制,级别：,低,说明,源码能量转化成电力的供电柱。,掉落,
175,2,4105029,开关,开关,人造物,icon_mineral,派系：,人类制造,材质：,木制,级别：,低,说明,一个绿色开关。,掉落,
176,2,4105030,开关2,开关2,人造物,icon_mineral,派系：,人类制造,材质：,木制,级别：,低,说明,一个红色开关。,掉落,
177,2,4105031,弹簧,弹簧,人造物,icon_mineral,派系：,人类制造,材质：,木制,级别：,低,说明,一个弹簧陷阱，可以弹飞入侵你领地的家伙。,掉落,
178,2,4105032,弹簧2,弹簧2,人造物,icon_mineral,派系：,人类制造,材质：,木制,级别：,低,说明,一个弹簧陷阱，可以弹飞入侵你领地的家伙。,掉落,
179,2,4105033,衣柜,衣柜,人造物,icon_mineral,派系：,人类制造,材质：,木制,级别：,低,说明,可以存放大量衣物。,掉落,
180,2,4105034,源码烤箱,源码烤箱,人造物,icon_mineral,派系：,人类制造,材质：,木制,级别：,低,说明,奇特的源码烤箱，什么都可以烤得很好吃。,掉落,
181,2,4105035,源码楼梯,源码楼梯,人造物,icon_mineral,派系：,人类制造,材质：,木制,级别：,低,说明,帮你到达更高得地方。,掉落,
182,2,4105036,旱地,旱地,人造物,icon_mineral,派系：,人类制造,材质：,木制,级别：,低,说明,自给自足得开始，可以种植很多食物。麦子，土豆，胡萝卜。,掉落,
183,2,4105037,旱地2,旱地2,人造物,icon_mineral,派系：,人类制造,材质：,木制,级别：,低,说明,自给自足得开始，可以种植很多食物。麦子，土豆，胡萝卜。,掉落,
184,2,4105038,水田,水田,人造物,icon_mineral,派系：,人类制造,材质：,木制,级别：,低,说明,想一直有大米吃得话，水田必不可少。可以种植水稻。,掉落,
185,2,4105039,水田2,水田2,人造物,icon_mineral,派系：,人类制造,材质：,木制,级别：,低,说明,想一直有大米吃得话，水田必不可少。可以种植水稻。,掉落,
186,2,4105040,高级耕地,高级耕地,人造物,icon_mineral,派系：,人类制造,材质：,木制,级别：,低,说明,基本什么都能种，非常肥沃。,掉落,
187,2,4105041,高级耕地2,高级耕地2,人造物,icon_mineral,派系：,人类制造,材质：,木制,级别：,低,说明,基本什么都能种，非常肥沃。,掉落,
188,2,4105042,石炉,石炉,人造物,icon_mineral,派系：,人类制造,材质：,木制,级别：,低,说明,最基础的熔炉，但是没有它一切都无从谈起。,掉落,
189,2,4105043,钢铁高炉,钢铁高炉,人造物,icon_mineral,派系：,人类制造,材质：,木制,级别：,低,说明,高炉，可以炼制铁锭，钢锭。,掉落,
190,2,4105044,源码熔炉,源码熔炉,人造物,icon_mineral,派系：,人类制造,材质：,木制,级别：,低,说明,冶炼高炉，可以炼制合金锭。,掉落,
191,2,4105045,篝火（灭）,篝火（灭）,人造物,icon_mineral,派系：,人类制造,材质：,木制,级别：,低,说明,可以用于烤肉。,掉落,
192,2,4105046,烹饪锅（灭）,烹饪锅（灭）,人造物,icon_mineral,派系：,人类制造,材质：,木制,级别：,低,说明,可以烹饪各种食物。,掉落,
193,2,4105047,火炉（灭）,火炉（灭）,人造物,icon_mineral,派系：,人类制造,材质：,木制,级别：,低,说明,照亮你的道路,掉落,
194,2,4106001,水壶,水壶,人造物,icon_mineral,派系：,人类制造,材质：,木制,级别：,低,说明,一个装饰用得水壶。,掉落,
195,2,4106002,喷泉,喷泉,人造物,icon_mineral,派系：,人类制造,材质：,木制,级别：,低,说明,有了喷泉，似乎有什么不一样了。,掉落,
196,2,4106003,安山岩方块,安山岩方块,人造物,icon_mineral,派系：,人类制造,材质：,木制,级别：,低,说明,安山岩方块，纪念版。,掉落,
197,2,4106004,花岗岩方块,花岗岩方块,人造物,icon_mineral,派系：,人类制造,材质：,木制,级别：,低,说明,花岗岩方块，纪念版。,掉落,
198,2,4106005,石头立方块,石头立方块,人造物,icon_mineral,派系：,人类制造,材质：,木制,级别：,低,说明,石头立方块，纪念版。,掉落,
199,2,4106006,冰方块,冰方块,人造物,icon_mineral,派系：,人类制造,材质：,木制,级别：,低,说明,冰方块，纪念版。,掉落,
200,2,4106007,草垛,草垛,人造物,icon_mineral,派系：,人类制造,材质：,木制,级别：,低,说明,一个草垛，让你的家绿意盎然。,掉落,
201,2,4106008,桥,桥,人造物,icon_mineral,派系：,人类制造,材质：,木制,级别：,低,说明,一座桥，让你方便的过河。,掉落,
202,2,4106009,断桥,断桥,人造物,icon_mineral,派系：,人类制造,材质：,木制,级别：,低,说明,断了的桥。,掉落,
203,2,4106010,木板,木板,人造物,icon_mineral,派系：,人类制造,材质：,木制,级别：,低,说明,一块分隔开的木板，用来铺一条木制小路吧。,掉落,
204,2,4106011,木桶,木桶,人造物,icon_mineral,派系：,人类制造,材质：,木制,级别：,低,说明,一个装饰用的小木桶。,掉落,
205,2,4106012,原木靠背凳,原木靠背凳,人造物,icon_mineral,派系：,人类制造,材质：,木制,级别：,低,说明,一张原木靠背凳。,掉落,
206,2,4106013,枫木靠背凳,枫木靠背凳,人造物,icon_mineral,派系：,人类制造,材质：,木制,级别：,低,说明,一张红枫木靠背凳,掉落,
207,2,4106014,橡木靠背凳,橡木靠背凳,人造物,icon_mineral,派系：,人类制造,材质：,木制,级别：,低,说明,一张橡木靠背凳,掉落,
208,2,4106015,原木太师椅,原木太师椅,人造物,icon_mineral,派系：,人类制造,材质：,木制,级别：,低,说明,一张原木太师椅,掉落,
209,2,4106016,枫木太师椅,枫木太师椅,人造物,icon_mineral,派系：,人类制造,材质：,木制,级别：,低,说明,一张红枫木太师椅,掉落,
210,2,4106017,橡木太师椅,橡木太师椅,人造物,icon_mineral,派系：,人类制造,材质：,木制,级别：,低,说明,一张橡木太师椅,掉落,
211,2,4106018,原木宝座,原木宝座,人造物,icon_mineral,派系：,人类制造,材质：,木制,级别：,低,说明,一个原木宝座。,掉落,
212,2,4106019,枫木宝座,枫木宝座,人造物,icon_mineral,派系：,人类制造,材质：,木制,级别：,低,说明,一个枫木宝座。,掉落,
213,2,4106020,橡木宝座,橡木宝座,人造物,icon_mineral,派系：,人类制造,材质：,木制,级别：,低,说明,一个橡木宝座。,掉落,
214,2,4106021,原木床,原木床,人造物,icon_mineral,派系：,人类制造,材质：,木制,级别：,低,说明,一张原木床，可以好好休息一下啦。,掉落,
215,2,4106022,左桥坡,左桥坡,人造物,icon_mineral,派系：,人类制造,材质：,木制,级别：,低,说明,桥的左斜坡,掉落,
216,2,4106023,右桥坡,右桥坡,人造物,icon_mineral,派系：,人类制造,材质：,木制,级别：,低,说明,桥的右斜坡,掉落,
217,2,4106024,破碎木箱1号,破碎木箱1号,人造物,icon_mineral,派系：,人类制造,材质：,木制,级别：,低,说明,破碎木箱1号,掉落,
218,2,4106025,破碎木箱2号,破碎木箱2号,人造物,icon_mineral,派系：,人类制造,材质：,木制,级别：,低,说明,破碎木箱2号,掉落,
219,2,4106026,破碎木箱3号,破碎木箱3号,人造物,icon_mineral,派系：,人类制造,材质：,木制,级别：,低,说明,破碎木箱3号,掉落,
220,2,4106027,合金箱1号,合金箱1号,人造物,icon_mineral,派系：,人类制造,材质：,木制,级别：,低,说明,合金箱1号,掉落,
221,2,4106028,合金箱2号,合金箱2号,人造物,icon_mineral,派系：,人类制造,材质：,木制,级别：,低,说明,合金箱2号,掉落,
222,2,4106029,合金箱3号,合金箱3号,人造物,icon_mineral,派系：,人类制造,材质：,木制,级别：,低,说明,合金箱3号,掉落,
223,2,4106030,源码宝箱1号,源码宝箱1号,未知,icon_mineral,派系：,源码,材质：,源码,级别：,低,说明,源码宝箱1号,掉落,
224,2,4106031,源码宝箱2号,源码宝箱2号,未知,icon_mineral,派系：,源码,材质：,源码,级别：,低,说明,源码宝箱2号,掉落,
225,2,4106032,源码宝箱3号,源码宝箱3号,未知,icon_mineral,派系：,源码,材质：,源码,级别：,低,说明,源码宝箱3号,掉落,
226,2,4107001,源码悬浮车,源码悬浮车,人造物,icon_mineral,派系：,源码,材质：,源码,级别：,低,说明,一辆奇特的源码悬浮车,掉落,
227,2,4107002,源码告示牌,源码告示牌,人造物,icon_mineral,派系：,源码,材质：,源码,级别：,低,说明,一个源码告示牌,掉落,
228,2,4107003,源码供能柱,源码供能柱,人造物,icon_mineral,派系：,源码,材质：,源码,级别：,低,说明,一根源码供能柱，萦绕着源码能量,掉落,
229,2,4107004,源码奇异屋,源码奇异屋,人造物,icon_mineral,派系：,源码,材质：,源码,级别：,低,说明,源码奇异屋,掉落,
230,2,4107005,源码中央喷泉,源码中央喷泉,人造物,icon_mineral,派系：,源码,材质：,源码,级别：,低,说明,源码中央喷泉,掉落,
231,2,4107006,源码魔方,源码魔方,人造物,icon_mineral,派系：,源码,材质：,源码,级别：,低,说明,源码魔方,掉落,
232,2,4107007,源码祭坛,源码祭坛,人造物,icon_mineral,派系：,源码,材质：,源码,级别：,低,说明,源码祭坛,掉落,
233,2,4107008,源码能量箭塔,源码能量箭塔,人造物,icon_mineral,派系：,源码,材质：,源码,级别：,低,说明,源码能量箭塔,掉落,
234,2,4107009,源码奇幻炮塔,源码奇幻炮塔,人造物,icon_mineral,派系：,源码,材质：,源码,级别：,低,说明,源码奇幻炮塔,掉落,
235,2,4107010,源码石柱,源码石柱,人造物,icon_mineral,派系：,源码,材质：,源码,级别：,低,说明,源码石柱,掉落,
236,2,4107011,源码悬浮装置,源码悬浮装置,人造物,icon_mineral,派系：,源码,材质：,源码,级别：,低,说明,源码悬浮装置,掉落,
237,2,4107012,源码碑柱,源码碑柱,人造物,icon_mineral,派系：,源码,材质：,源码,级别：,低,说明,源码碑柱,掉落,
238,2,4107013,源码横梁,源码横梁,人造物,icon_mineral,派系：,源码,材质：,源码,级别：,低,说明,源码横梁,掉落,
239,2,4108001,冰原屋,冰原屋,人造物,icon_mineral,派系：,元素,材质：,冰,级别：,低,说明,冰原屋,掉落,
240,2,4108002,冰原防御塔,冰原防御塔,人造物,icon_mineral,派系：,元素,材质：,冰,级别：,低,说明,冰原防御塔,掉落,
241,2,4108003,冰原雕像,冰原雕像,人造物,icon_mineral,派系：,元素,材质：,冰,级别：,低,说明,冰原雕像,掉落,
242,2,4108004,冰原祭坛,冰原祭坛,人造物,icon_mineral,派系：,元素,材质：,冰,级别：,低,说明,冰原祭坛,掉落,
243,2,4108005,冰原指路牌,冰原指路牌,人造物,icon_mineral,派系：,元素,材质：,木制,级别：,低,说明,冰原指路牌,掉落,
244,2,4108006,捕鱼口,捕鱼口,未知,icon_mineral,派系：,元素,材质：,不明,级别：,低,说明,捕鱼口,掉落,
245,2,4108007,冰原旗帜,冰原旗帜,人造物,icon_mineral,派系：,元素,材质：,木制,级别：,低,说明,冰原旗帜,掉落,
246,2,4108008,雪地桥左,雪地桥左,人造物,icon_mineral,派系：,元素,材质：,木制,级别：,低,说明,雪地的桥,掉落,
247,2,4108009,雪地桥右,雪地桥右,人造物,icon_mineral,派系：,元素,材质：,木制,级别：,低,说明,雪地的桥,掉落,
248,2,4108010,雪地桥,雪地桥,人造物,icon_mineral,派系：,元素,材质：,木制,级别：,低,说明,雪地的桥,掉落,
249,2,4108011,雪地断桥,雪地断桥,人造物,icon_mineral,派系：,元素,材质：,木制,级别：,低,说明,雪地的桥,掉落,
250,2,4108012,雪地石板,雪地石板,人造物,icon_mineral,派系：,元素,材质：,木制,级别：,低,说明,雪地石板,掉落,
251,2,4108013,雪地横石栏杆,雪地横石栏杆,人造物,icon_mineral,派系：,元素,材质：,木制,级别：,低,说明,雪地栏杆,掉落,
252,2,4108014,雪地纵石栏杆,雪地纵石栏杆,人造物,icon_mineral,派系：,元素,材质：,木制,级别：,低,说明,雪地栏杆,掉落,
253,2,4108015,雪地散木板,雪地散木板,人造物,icon_mineral,派系：,元素,材质：,木制,级别：,低,说明,雪地散木板,掉落,
254,2,4108016,雪地短木围栏,雪地短木围栏,人造物,icon_mineral,派系：,元素,材质：,木制,级别：,低,说明,雪地栏杆,掉落,
255,2,4108017,雪地长木围栏,雪地长木围栏,人造物,icon_mineral,派系：,元素,材质：,木制,级别：,低,说明,雪地栏杆,掉落,
256,2,4108018,冰原雪橇,冰原雪橇,人造物,icon_mineral,派系：,元素,材质：,木制,级别：,低,说明,冰原雪橇,掉落,
257,2,4108019,雪人,雪人,人造物,icon_mineral,派系：,元素,材质：,木制,级别：,低,说明,一个雪人,掉落,
258,2,4108020,祭坛遗迹,祭坛遗迹,人造物,icon_mineral,派系：,元素,材质：,木制,级别：,低,说明,祭坛遗迹,掉落,
259,2,4108021,雪原告示牌,雪原告示牌,人造物,icon_mineral,派系：,元素,材质：,木制,级别：,低,说明,雪原告示牌,掉落,
260,2,4109001,熔岩堡垒,熔岩堡垒,人造物,icon_mineral,派系：,元素,材质：,石头,级别：,低,说明,熔岩堡垒,掉落,
261,2,4109002,熔岩祭坛,熔岩祭坛,人造物,icon_mineral,派系：,元素,材质：,石头,级别：,低,说明,熔岩祭坛,掉落,
262,2,4109003,熔岩雕像,熔岩雕像,人造物,icon_mineral,派系：,元素,材质：,石头,级别：,低,说明,熔岩雕像,掉落,
263,2,4109004,熔岩堡垒,熔岩堡垒,人造物,icon_mineral,派系：,元素,材质：,石头,级别：,低,说明,熔岩堡垒,掉落,
264,2,4109005,熔岩锻造口,熔岩锻造口,人造物,icon_mineral,派系：,元素,材质：,石头,级别：,低,说明,熔岩锻造口,掉落,
265,2,4109006,熔岩石屋,熔岩石屋,人造物,icon_mineral,派系：,元素,材质：,石头,级别：,低,说明,熔岩石屋,掉落,
266,2,4109007,熔岩告示牌,熔岩告示牌,人造物,icon_mineral,派系：,元素,材质：,石头,级别：,低,说明,熔岩告示牌,掉落,
267,2,4109008,熔岩火晶石,熔岩火晶石,人造物,icon_mineral,派系：,元素,材质：,石头,级别：,低,说明,熔岩火晶石,掉落,
268,2,4109009,熔岩石柱,熔岩石柱,人造物,icon_mineral,派系：,元素,材质：,石头,级别：,低,说明,熔岩石柱,掉落,
269,2,4109010,熔岩旗帜,熔岩旗帜,人造物,icon_mineral,派系：,元素,材质：,石头,级别：,低,说明,熔岩旗帜,掉落,
270,2,4082001,沙漠遗迹,沙漠场景装饰1,未知,icon_mineral,派系：,元素,材质：,不明,级别：,低,说明,一个沙漠遗迹,掉落,
271,2,4082002,遗弃铁剑,沙漠场景装饰2,未知,icon_mineral,派系：,元素,材质：,铁制,级别：,低,说明,一把被遗弃的铁剑,掉落,
272,2,4082003,动物骨头,沙漠场景装饰3,未知,icon_mineral,派系：,元素,材质：,不明,级别：,低,说明,恐怖的动物骨头,掉落,
273,2,4082004,藤条,沙漠场景装饰4,未知,icon_mineral,派系：,元素,材质：,不明,级别：,低,说明,一些藤条,掉落,
274,2,4082005,藤条,沙漠场景装饰5,未知,icon_mineral,派系：,元素,材质：,不明,级别：,低,说明,一些藤条,掉落,
275,2,4082006,沙漠巨碑,沙漠场景装饰6,未知,icon_mineral,派系：,元素,材质：,不明,级别：,低,说明,一块沙漠巨碑,掉落,
276,2,4082007,遗弃图腾,沙漠场景装饰7,未知,icon_mineral,派系：,元素,材质：,不明,级别：,低,说明,遗弃图腾,掉落,
277,2,4088001,巨型蜗牛壳,沙滩场景装饰1,未知,icon_mineral,派系：,元素,材质：,不明,级别：,低,说明,巨型蜗牛壳，不知道里面有什么。,掉落,
278,2,4088002,贝壳,沙滩场景装饰2,未知,icon_mineral,派系：,元素,材质：,不明,级别：,低,说明,可爱的贝壳,掉落,
279,2,4088003,贝壳,沙滩场景装饰3,未知,icon_mineral,派系：,元素,材质：,不明,级别：,低,说明,可爱的贝壳,掉落,
280,2,4088004,海星,沙滩场景装饰4,未知,icon_mineral,派系：,元素,材质：,不明,级别：,低,说明,海星，但是好像没法抓,掉落,
281,2,4088005,海星,沙滩场景装饰5,未知,icon_mineral,派系：,元素,材质：,不明,级别：,低,说明,海星，但是好像没法抓,掉落,
282,2,4088006,海星,沙滩场景装饰6,未知,icon_mineral,派系：,元素,材质：,不明,级别：,低,说明,海星，但是好像没法抓,掉落,
283,2,4088007,冲浪板,沙滩场景装饰7,未知,icon_mineral,派系：,元素,材质：,不明,级别：,低,说明,冲浪板，难道有人在这里冲浪？,掉落,
284,2,4088008,冲浪板,沙滩场景装饰8,未知,icon_mineral,派系：,元素,材质：,不明,级别：,低,说明,冲浪板，难道有人在这里冲浪？,掉落,
285,2,4088009,寄居蟹巢穴,沙滩场景装饰9,未知,icon_mineral,派系：,元素,材质：,不明,级别：,低,说明,螃蟹，你在里面吗？,掉落,
286,2,4088010,寄居蟹巢穴,沙滩场景装饰10,未知,icon_mineral,派系：,元素,材质：,不明,级别：,低,说明,螃蟹，你在里面吗？,掉落,
287,2,4081028,遗迹石碑,草原场景装饰28,遗迹,icon_mineral,派系：,元素,材质：,石制,级别：,低,说明,一块遗迹石碑,掉落,
288,2,4081029,遗迹石碑,草原场景装饰29,遗迹,icon_mineral,派系：,元素,材质：,石制,级别：,低,说明,一块遗迹石碑,掉落,
289,2,4081030,源码遗迹,草原场景装饰30,遗迹,icon_mineral,派系：,元素,材质：,不明,级别：,低,说明,源码遗迹,掉落,
290,2,4081031,源码遗迹,草原场景装饰31,遗迹,icon_mineral,派系：,元素,材质：,不明,级别：,低,说明,源码遗迹,掉落,
291,2,4081032,废弃机器人,草原场景装饰32,遗迹,icon_mineral,派系：,元素,材质：,不明,级别：,低,说明,一个废弃的机器人。,掉落,
